Date,Close/Last,Volume,Open,High,Low
11/01/2023,$5.31,1327752,$6.11,$6.19,$5.23
10/31/2023,$6.09,977024,$5.95,$6.285,$5.87
10/30/2023,$5.90,925920,$5.61,$5.91,$5.36
10/27/2023,$5.52,859358,$5.60,$5.665,$5.41
10/26/2023,$5.56,1236676,$5.19,$5.715,$5.115
10/25/2023,$5.24,1575863,$5.65,$5.67,$5.20
10/24/2023,$5.78,1177825,$5.79,$6.21,$5.71
10/23/2023,$5.725,1310727,$5.67,$5.89,$5.38
10/20/2023,$5.75,1486217,$6.00,$6.03,$5.62
10/19/2023,$6.03,1611632,$6.22,$6.54,$5.985
10/18/2023,$6.30,1820044,$6.54,$6.66,$5.90
10/17/2023,$6.62,1118432,$6.62,$7.42,$6.60
10/16/2023,$6.71,994218,$6.50,$6.78,$6.29
10/13/2023,$6.49,1062939,$6.64,$6.74,$6.21
10/12/2023,$6.65,1162275,$6.81,$7.48,$6.56
10/11/2023,$7.00,1221029,$6.96,$7.22,$6.43
10/10/2023,$6.80,1501875,$7.4999,$8.40,$6.5916
10/09/2023,$7.53,1224078,$7.21,$7.74,$7.11
10/06/2023,$7.27,1525974,$7.08,$7.31,$6.62
10/05/2023,$7.10,2079717,$6.87,$7.25,$6.0301
10/04/2023,$6.94,5572298,$8.20,$8.29,$5.415
10/03/2023,$8.24,1307499,$8.59,$8.67,$8.05
10/02/2023,$8.72,6745874,$9.72,$10.19,$8.32
09/29/2023,$9.88,3379592,$9.66,$10.5075,$9.12
09/28/2023,$10.21,812226,$10.33,$10.7083,$10.144
09/27/2023,$10.47,1142293,$10.85,$10.90,$10.1006
09/26/2023,$10.68,1702275,$11.24,$11.37,$9.92
09/25/2023,$11.89,788143,$11.53,$12.06,$11.37
09/22/2023,$11.60,437514,$11.71,$12.05,$11.565
09/21/2023,$11.74,429768,$11.26,$12.08,$11.14
09/20/2023,$11.66,1064512,$11.80,$12.64,$11.50
09/19/2023,$11.62,2307529,$13.02,$13.136,$10.75
09/18/2023,$13.10,652053,$14.27,$14.33,$12.98
09/15/2023,$14.33,839985,$14.04,$14.50,$13.66
09/14/2023,$14.32,350043,$14.44,$14.81,$14.234
09/13/2023,$14.19,449049,$14.70,$14.8793,$13.94
09/12/2023,$14.66,386359,$15.39,$15.63,$14.62
09/11/2023,$15.47,322951,$15.57,$15.78,$15.25
09/08/2023,$15.31,497359,$14.70,$15.46,$14.48
09/07/2023,$15.06,524661,$14.95,$15.16,$14.5044
09/06/2023,$15.27,357110,$15.45,$15.7967,$15.16
09/05/2023,$15.46,526541,$16.00,$16.15,$14.73
09/01/2023,$16.33,339410,$16.73,$17.267,$16.23
08/31/2023,$16.70,309286,$16.44,$16.79,$16.30
08/30/2023,$16.40,351973,$16.03,$16.59,$15.795
08/29/2023,$16.02,315591,$15.20,$16.29,$14.96
08/28/2023,$15.16,370350,$15.36,$15.52,$15.04
08/25/2023,$15.20,661469,$14.24,$15.59,$14.23
08/24/2023,$14.10,539047,$14.85,$14.85,$13.83
08/23/2023,$14.87,499449,$14.44,$15.20,$14.40
08/22/2023,$14.41,564445,$14.50,$14.50,$13.58
08/21/2023,$14.33,1077347,$13.86,$15.0638,$13.75
08/18/2023,$13.93,856112,$14.50,$14.79,$13.88
08/17/2023,$15.08,848030,$14.53,$15.35,$14.05
08/16/2023,$14.69,800732,$14.67,$15.035,$14.15
08/15/2023,$14.86,1097374,$13.99,$15.00,$13.8501
08/14/2023,$14.37,3039264,$16.32,$16.53,$12.91
08/11/2023,$16.83,2055164,$15.02,$16.87,$14.02
08/10/2023,$14.79,3930526,$21.84,$22.26,$14.5701
08/09/2023,$21.71,1231436,$25.31,$25.99,$20.86
08/08/2023,$26.25,532000,$27.10,$27.11,$26.05
08/07/2023,$27.59,329159,$27.87,$27.9772,$26.30
08/04/2023,$27.94,284565,$27.08,$28.4798,$26.88
08/03/2023,$27.07,288064,$27.44,$27.64,$26.4746
08/02/2023,$27.82,425629,$28.73,$28.85,$26.81
08/01/2023,$29.49,338653,$30.36,$30.92,$29.435
07/31/2023,$30.96,734070,$29.00,$32.87,$28.75
07/28/2023,$28.30,317113,$27.74,$28.9696,$27.74
07/27/2023,$27.21,477904,$28.87,$29.98,$27.15
07/26/2023,$28.34,352971,$27.96,$28.49,$27.10
07/25/2023,$28.19,739846,$27.21,$28.23,$26.455
07/24/2023,$27.20,382478,$26.16,$27.31,$25.87
07/21/2023,$26.22,314309,$27.16,$27.64,$25.95
07/20/2023,$26.65,360470,$27.70,$27.74,$26.21
07/19/2023,$27.76,377352,$28.00,$28.4699,$27.085
07/18/2023,$27.92,316219,$27.66,$28.34,$27.37
07/17/2023,$27.65,1245382,$22.28,$28.10,$21.56
07/14/2023,$24.75,467810,$25.30,$25.38,$24.2613
07/13/2023,$25.41,379911,$25.74,$25.94,$25.38
07/12/2023,$25.46,437455,$25.75,$25.795,$24.88
07/11/2023,$25.03,186689,$25.92,$26.1299,$24.86
07/10/2023,$25.66,320249,$24.70,$25.88,$24.70
07/07/2023,$24.61,486441,$23.02,$25.10,$22.98
07/06/2023,$22.98,1412847,$27.24,$27.56,$21.63
07/05/2023,$25.67,353150,$25.91,$26.82,$25.56
07/03/2023,$26.26,309551,$25.40,$26.50,$24.91
06/30/2023,$25.20,1076801,$27.40,$28.267,$24.36
06/29/2023,$26.94,743270,$27.55,$27.99,$26.1101
06/28/2023,$27.65,1169531,$25.21,$27.95,$24.925
06/27/2023,$24.79,435970,$24.70,$25.29,$23.89
06/26/2023,$24.64,728908,$22.83,$25.01,$22.83
06/23/2023,$22.85,505582,$22.46,$23.35,$22.205
06/22/2023,$22.89,193564,$22.44,$22.95,$22.02
06/21/2023,$22.55,260787,$23.50,$23.50,$22.26
06/20/2023,$23.11,317522,$22.66,$23.43,$22.415
06/16/2023,$22.65,671713,$22.99,$22.99,$22.02
06/15/2023,$22.70,281658,$22.45,$22.74,$22.012
06/14/2023,$22.72,359356,$23.26,$23.42,$22.2966
06/13/2023,$23.27,430918,$22.80,$24.0561,$22.695
06/12/2023,$22.63,404015,$22.30,$23.22,$22.055
06/09/2023,$22.22,234073,$22.03,$22.34,$21.63
06/08/2023,$22.05,390581,$21.95,$22.42,$21.16
06/07/2023,$22.00,492950,$20.64,$22.05,$20.64
06/06/2023,$20.51,303121,$19.86,$20.95,$19.735
06/05/2023,$19.96,247873,$20.08,$20.40,$19.31
06/02/2023,$20.43,336062,$19.87,$20.87,$19.39
06/01/2023,$19.52,289004,$19.74,$20.08,$19.23
05/31/2023,$19.92,725796,$19.65,$20.20,$19.12
05/30/2023,$19.93,259286,$20.20,$20.3785,$19.4575
05/26/2023,$19.81,495614,$18.55,$20.17,$18.43
05/25/2023,$18.55,176528,$18.47,$18.61,$18.02
05/24/2023,$18.43,235716,$18.15,$18.50,$17.35
05/23/2023,$18.41,228778,$18.40,$18.89,$18.28
05/22/2023,$18.53,338311,$17.40,$18.62,$17.30
05/19/2023,$17.45,301393,$17.65,$18.25,$17.27
05/18/2023,$17.45,391566,$16.73,$17.71,$16.73
05/17/2023,$16.72,346287,$15.50,$16.75,$15.32
05/16/2023,$15.37,240132,$15.51,$15.855,$15.34
05/15/2023,$15.73,232133,$15.43,$15.76,$15.25
05/12/2023,$15.43,277217,$15.30,$15.79,$15.29
05/11/2023,$15.29,342945,$16.00,$16.30,$15.14
05/10/2023,$16.10,765105,$17.53,$18.18,$15.85
05/09/2023,$16.62,423043,$16.61,$16.98,$16.094
05/08/2023,$16.70,337539,$15.90,$16.72,$15.39
05/05/2023,$15.85,267026,$16.25,$16.4899,$15.69
05/04/2023,$15.91,325215,$15.59,$16.14,$15.4506
05/03/2023,$15.76,324060,$15.45,$16.17,$15.45
05/02/2023,$15.26,285093,$15.95,$16.035,$15.22
05/01/2023,$16.04,248496,$16.13,$16.40,$15.90
04/28/2023,$16.26,178351,$16.35,$16.63,$16.25
04/27/2023,$16.35,226678,$16.21,$16.37,$15.92
04/26/2023,$15.83,180538,$16.30,$16.38,$15.74
04/25/2023,$15.86,294170,$16.40,$16.455,$15.81
04/24/2023,$16.61,252366,$17.46,$17.5839,$16.47
04/21/2023,$17.44,253834,$17.28,$17.61,$17.0978
04/20/2023,$17.31,230064,$17.24,$17.62,$17.1701
04/19/2023,$17.55,227719,$17.43,$17.77,$17.26
04/18/2023,$17.61,364934,$18.38,$18.54,$17.52
04/17/2023,$18.28,300165,$17.88,$18.44,$17.74
04/14/2023,$17.88,344153,$17.99,$18.255,$17.5857
04/13/2023,$18.05,760090,$17.50,$18.3625,$17.10
04/12/2023,$17.60,1070003,$19.00,$19.00,$17.53
04/11/2023,$18.43,3421771,$15.76,$19.33,$15.41
04/10/2023,$15.10,5603994,$14.56,$17.76,$14.40
04/06/2023,$13.05,735431,$12.06,$13.39,$11.81
04/05/2023,$11.99,368742,$12.26,$12.31,$11.745
04/04/2023,$12.35,350265,$12.81,$12.875,$12.21
04/03/2023,$12.81,295405,$13.25,$13.27,$12.62
03/31/2023,$13.19,334582,$13.02,$13.33,$12.87
03/30/2023,$12.86,191124,$13.51,$13.5774,$12.76
03/29/2023,$13.365,210136,$13.36,$13.49,$13.135
03/28/2023,$13.12,235231,$12.94,$13.22,$12.665
03/27/2023,$13.00,426766,$13.03,$13.30,$12.62
03/24/2023,$12.87,544861,$13.50,$13.59,$12.63
03/23/2023,$13.61,310175,$13.89,$14.35,$13.47
03/22/2023,$13.76,382061,$14.49,$14.65,$13.73
03/21/2023,$14.49,402963,$14.06,$14.65,$14.045
03/20/2023,$13.76,405486,$13.92,$14.08,$13.35
03/17/2023,$13.69,904431,$14.59,$14.86,$13.59
03/16/2023,$14.75,640855,$14.00,$14.85,$13.80
03/15/2023,$14.42,1368530,$12.69,$14.50,$12.04
03/14/2023,$16.27,467607,$16.95,$17.75,$16.10
03/13/2023,$15.90,378285,$15.97,$16.535,$15.61
03/10/2023,$16.16,383596,$16.72,$16.72,$15.80
03/09/2023,$16.78,389509,$16.77,$17.575,$16.47
03/08/2023,$16.77,375739,$16.25,$16.87,$15.66
03/07/2023,$16.29,640590,$16.76,$16.90,$16.24
03/06/2023,$16.71,678954,$17.77,$17.77,$16.50
03/03/2023,$17.78,341589,$17.39,$17.80,$17.02
03/02/2023,$17.29,329814,$16.88,$17.50,$16.71
03/01/2023,$17.05,274608,$17.34,$17.58,$16.85
02/28/2023,$17.38,310705,$17.45,$17.835,$17.38
02/27/2023,$17.48,273597,$17.35,$17.99,$17.31
02/24/2023,$17.11,262250,$17.29,$17.4102,$16.80
02/23/2023,$17.80,471623,$18.15,$18.285,$17.12
02/22/2023,$18.05,1127096,$16.91,$19.75,$16.84
02/21/2023,$16.39,494231,$16.90,$16.99,$15.96
02/17/2023,$17.16,397458,$17.22,$17.4199,$16.96
02/16/2023,$17.21,348187,$18.02,$18.21,$17.18
02/15/2023,$18.33,243456,$18.24,$18.40,$18.05
02/14/2023,$18.37,491272,$18.18,$18.66,$17.77
02/13/2023,$18.22,582104,$18.90,$19.13,$18.16
02/10/2023,$18.86,271266,$19.88,$20.65,$18.83
02/09/2023,$20.19,233078,$20.48,$20.62,$20.0421
02/08/2023,$20.16,140217,$20.24,$20.29,$19.54
02/07/2023,$20.26,355677,$19.64,$20.389,$19.31
02/06/2023,$19.64,169471,$20.06,$20.22,$19.42
02/03/2023,$20.30,334392,$20.37,$21.33,$20.16
02/02/2023,$20.90,457673,$19.78,$21.55,$19.67
02/01/2023,$19.42,478126,$19.13,$19.55,$18.24
01/31/2023,$19.06,327421,$18.33,$19.10,$18.33
01/30/2023,$18.19,208070,$18.65,$18.84,$18.14
01/27/2023,$19.01,428552,$19.34,$19.64,$18.62
01/26/2023,$19.45,161815,$19.49,$19.64,$18.88
01/25/2023,$19.10,308942,$19.07,$19.375,$18.31
01/24/2023,$19.52,138616,$19.64,$20.13,$19.37
01/23/2023,$19.75,159403,$19.31,$19.95,$19.115
01/20/2023,$19.28,274220,$18.79,$19.34,$18.53
01/19/2023,$18.54,197205,$18.73,$18.83,$18.03
01/18/2023,$19.09,162647,$19.96,$20.27,$19.02
01/17/2023,$19.67,298714,$19.12,$19.89,$18.71
01/13/2023,$19.11,300509,$19.41,$19.75,$18.98
01/12/2023,$19.75,322390,$19.72,$20.035,$19.04
01/11/2023,$19.54,389915,$18.95,$20.08,$18.7077
01/10/2023,$18.76,445665,$17.65,$19.30,$17.17
01/09/2023,$17.84,231424,$18.78,$19.15,$17.76
01/06/2023,$18.44,309164,$18.21,$18.55,$17.53
01/05/2023,$18.09,308612,$19.44,$19.44,$17.94
01/04/2023,$19.75,296887,$19.73,$20.48,$19.39
01/03/2023,$19.43,378849,$20.35,$20.96,$18.9279
12/30/2022,$19.96,287703,$20.20,$20.64,$19.67
12/29/2022,$20.49,179908,$19.42,$20.58,$19.19
12/28/2022,$19.03,115367,$19.42,$19.775,$18.89
12/27/2022,$19.53,181416,$19.34,$19.68,$18.84
12/23/2022,$19.34,190037,$19.48,$19.89,$19.11
12/22/2022,$19.53,183170,$19.50,$19.72,$18.69
12/21/2022,$19.79,207653,$19.70,$20.23,$19.52
12/20/2022,$19.55,429521,$18.78,$19.77,$18.75
12/19/2022,$18.96,368315,$19.47,$20.00,$18.68
12/16/2022,$19.31,1012568,$19.22,$19.72,$18.33
12/15/2022,$19.46,384262,$20.55,$20.96,$19.35
12/14/2022,$21.18,405942,$20.92,$22.07,$20.85
12/13/2022,$20.84,665883,$22.14,$23.09,$20.325
12/12/2022,$21.23,375744,$19.86,$21.7399,$19.7351
12/09/2022,$19.82,343957,$19.91,$20.37,$19.68
12/08/2022,$20.08,309210,$18.85,$20.18,$18.62
12/07/2022,$18.73,221937,$18.45,$19.08,$17.99
12/06/2022,$18.62,316015,$18.52,$18.68,$17.87
12/05/2022,$18.42,325208,$18.95,$19.08,$18.15
12/02/2022,$18.98,240257,$18.81,$19.12,$18.39
12/01/2022,$19.35,241401,$19.29,$19.63,$18.52
11/30/2022,$18.99,347834,$18.015,$19.13,$17.81
11/29/2022,$17.98,327132,$17.79,$18.25,$17.66
11/28/2022,$17.80,230144,$18.94,$19.2638,$17.75
11/25/2022,$19.32,214407,$19.21,$19.34,$18.76
11/23/2022,$19.36,226825,$19.02,$19.92,$18.64
11/22/2022,$19.10,239326,$18.59,$19.26,$17.91
11/21/2022,$18.43,317979,$18.39,$18.71,$17.87
11/18/2022,$18.53,782839,$20.02,$20.02,$17.86
11/17/2022,$19.43,679531,$19.56,$19.90,$18.69
11/16/2022,$20.05,737059,$25.09,$25.48,$19.89
11/15/2022,$25.66,810214,$23.63,$27.00,$23.32
11/14/2022,$22.86,418626,$23.20,$24.565,$22.645
11/11/2022,$23.62,1340192,$22.95,$24.50,$21.76
11/10/2022,$22.78,9159975,$16.92,$30.44,$16.91
11/09/2022,$16.03,552315,$16.80,$17.47,$15.23
11/08/2022,$16.86,406935,$16.69,$17.69,$16.33
11/07/2022,$16.62,359907,$18.18,$18.68,$16.52
11/04/2022,$17.86,372402,$18.09,$18.16,$17.18
11/03/2022,$17.70,201395,$17.93,$18.075,$17.65
11/02/2022,$18.12,355862,$19.42,$19.42,$18.04
11/01/2022,$19.33,316743,$20.37,$20.37,$19.14
10/31/2022,$19.79,321076,$20.32,$20.71,$19.70
10/28/2022,$20.40,280217,$19.84,$20.485,$19.84
10/27/2022,$19.81,187989,$20.22,$20.505,$19.77
10/26/2022,$20.01,266625,$19.81,$20.86,$19.41
10/25/2022,$19.83,290431,$19.10,$20.23,$19.00
10/24/2022,$18.92,273412,$18.68,$19.03,$17.975
10/21/2022,$18.33,339724,$17.00,$18.51,$16.99
10/20/2022,$17.56,272330,$17.80,$18.51,$17.33
10/19/2022,$17.84,260815,$18.85,$18.85,$17.53
10/18/2022,$18.88,122307,$19.45,$19.54,$18.68
10/17/2022,$18.70,246467,$18.52,$19.04,$18.18
10/14/2022,$18.07,195847,$19.13,$19.30,$18.04
10/13/2022,$18.94,197548,$17.57,$19.22,$17.29
10/12/2022,$18.40,173333,$18.63,$18.73,$18.2501
10/11/2022,$18.59,216155,$18.40,$18.705,$17.85
10/10/2022,$18.33,133026,$18.32,$18.73,$18.08
10/07/2022,$18.58,291492,$19.44,$19.50,$18.355
10/06/2022,$19.89,114518,$20.10,$20.48,$19.8384
10/05/2022,$20.14,151131,$19.53,$20.15,$19.31
10/04/2022,$20.35,231952,$19.47,$20.37,$19.45
10/03/2022,$18.82,183049,$19.40,$19.40,$18.39
09/30/2022,$18.97,387689,$18.76,$20.09,$18.37
09/29/2022,$18.38,445674,$18.10,$18.81,$17.815
09/28/2022,$19.23,243942,$19.40,$19.57,$18.34
09/27/2022,$18.89,210086,$19.46,$19.8053,$18.62
09/26/2022,$19.15,214024,$19.04,$19.90,$19.035
09/23/2022,$19.66,297096,$19.26,$19.72,$18.61
09/22/2022,$19.76,299205,$20.85,$21.18,$19.50
09/21/2022,$20.96,255741,$21.64,$22.16,$20.93
09/20/2022,$21.44,224858,$21.00,$21.67,$21.00
09/19/2022,$21.35,376459,$22.70,$23.04,$21.35
09/16/2022,$23.17,537983,$23.00,$23.24,$22.4885
09/15/2022,$23.49,315953,$22.54,$23.99,$22.54
09/14/2022,$22.88,283416,$22.83,$23.02,$22.16
09/13/2022,$22.74,323090,$23.00,$23.61,$22.51
09/12/2022,$24.02,189640,$23.90,$24.445,$23.61
09/09/2022,$23.67,202314,$23.88,$24.43,$23.635
09/08/2022,$23.65,166869,$22.81,$23.7251,$22.2795
09/07/2022,$23.22,363117,$22.82,$23.26,$22.36
09/06/2022,$22.98,364904,$24.78,$24.78,$22.6234
09/02/2022,$24.68,311261,$26.27,$26.308,$24.38
09/01/2022,$25.44,400844,$25.41,$25.90,$24.27
08/31/2022,$26.02,463804,$26.16,$26.86,$25.50
08/30/2022,$26.22,568777,$24.91,$26.86,$24.86
08/29/2022,$24.65,198117,$23.79,$24.87,$23.7404
08/26/2022,$24.15,235595,$25.02,$25.51,$24.0504
08/25/2022,$25.23,415151,$24.03,$25.27,$23.87
08/24/2022,$23.96,191325,$23.41,$24.04,$23.13
08/23/2022,$23.44,151939,$23.58,$24.224,$23.4283
08/22/2022,$23.43,191283,$23.39,$23.79,$23.20
08/19/2022,$24.01,134157,$24.36,$24.3994,$23.77
08/18/2022,$24.74,164918,$23.54,$24.95,$23.4101
08/17/2022,$23.77,215011,$23.83,$24.13,$22.97
08/16/2022,$24.41,215030,$24.34,$24.95,$23.6301
08/15/2022,$24.55,148865,$23.51,$24.60,$23.50
08/12/2022,$23.89,251827,$24.86,$25.26,$23.50
08/11/2022,$24.74,606451,$23.95,$26.41,$23.92
08/10/2022,$23.66,579553,$21.76,$24.52,$21.55
08/09/2022,$20.92,718877,$23.01,$23.2789,$20.33
08/08/2022,$24.66,286399,$24.05,$25.49,$24.05
08/05/2022,$24.14,151393,$23.43,$24.81,$23.0891
08/04/2022,$23.92,223999,$24.54,$24.94,$23.795
08/03/2022,$24.58,367366,$22.83,$24.68,$22.535
08/02/2022,$22.48,218921,$22.55,$22.82,$22.295
08/01/2022,$22.74,285873,$23.28,$23.525,$22.68
07/29/2022,$23.66,229908,$23.13,$23.80,$22.91
07/28/2022,$22.95,181624,$21.87,$23.03,$21.81
07/27/2022,$22.14,209208,$21.59,$22.48,$21.17
07/26/2022,$21.33,197269,$21.12,$21.47,$20.54
07/25/2022,$21.25,296726,$21.88,$22.14,$21.13
07/22/2022,$22.14,280320,$21.66,$22.40,$21.43
07/21/2022,$21.83,359135,$20.82,$22.11,$20.41
07/20/2022,$20.91,315143,$20.00,$21.001,$19.50
07/19/2022,$19.85,371683,$19.68,$20.28,$19.60
07/18/2022,$19.17,407517,$19.25,$19.78,$19.04
07/15/2022,$18.95,324053,$19.08,$19.10,$18.525
07/14/2022,$18.45,337376,$18.22,$18.625,$18.08
07/13/2022,$18.61,245570,$17.70,$18.86,$17.66
07/12/2022,$18.43,272241,$17.65,$18.66,$17.65
07/11/2022,$17.96,322319,$18.30,$18.70,$17.41
07/08/2022,$18.69,351723,$18.35,$19.115,$18.20
07/07/2022,$18.36,439241,$17.66,$18.88,$17.629
07/06/2022,$17.37,323120,$17.57,$17.67,$17.18
07/05/2022,$17.70,420313,$16.50,$17.80,$16.06
07/01/2022,$16.81,478541,$16.77,$17.20,$16.13
06/30/2022,$16.90,447707,$16.64,$17.05,$16.44
06/29/2022,$16.97,638286,$17.22,$17.25,$16.23
06/28/2022,$17.53,398708,$18.40,$18.60,$17.50
06/27/2022,$18.34,531609,$18.15,$18.60,$17.59
06/24/2022,$18.13,763759,$16.70,$18.49,$16.69
06/23/2022,$16.41,500857,$16.67,$16.68,$16.00
06/22/2022,$16.52,727531,$15.30,$16.86,$15.1034
06/21/2022,$15.66,1175954,$16.27,$16.84,$15.61
06/17/2022,$16.63,2911289,$14.93,$16.68,$14.75
06/16/2022,$14.59,8971955,$13.75,$17.55,$12.50
06/15/2022,$23.40,772622,$23.35,$23.835,$22.67
06/14/2022,$23.02,384224,$23.36,$23.96,$22.50
06/13/2022,$23.17,641093,$24.54,$24.54,$22.46
06/10/2022,$25.73,438359,$28.32,$28.32,$25.69
06/09/2022,$29.02,149140,$29.63,$29.84,$28.81
06/08/2022,$29.80,225583,$31.61,$31.61,$29.32
06/07/2022,$31.93,156817,$30.51,$32.06,$30.51
06/06/2022,$31.04,220298,$31.45,$32.59,$30.49
06/03/2022,$31.07,314841,$30.645,$31.49,$30.51
06/02/2022,$31.62,403122,$29.89,$32.08,$29.89
06/01/2022,$29.85,262857,$29.58,$30.02,$28.50
05/31/2022,$29.15,330564,$30.00,$30.21,$28.8744
05/27/2022,$30.21,270669,$29.52,$30.22,$29.04
05/26/2022,$29.16,207793,$29.15,$29.74,$28.75
05/25/2022,$28.97,255465,$27.57,$29.42,$27.25
05/24/2022,$27.65,289589,$29.54,$29.54,$27.00
05/23/2022,$29.98,247727,$29.85,$30.03,$28.65
05/20/2022,$29.37,317918,$30.16,$30.69,$27.62
05/19/2022,$29.54,281533,$30.57,$31.00,$29.20
05/18/2022,$30.87,400769,$31.73,$33.42,$30.34
05/17/2022,$32.47,354340,$31.12,$32.61,$30.81
05/16/2022,$30.42,359196,$29.72,$30.76,$29.20
05/13/2022,$30.04,510546,$28.02,$30.19,$28.02
05/12/2022,$27.26,386376,$27.57,$28.30,$25.7631
05/11/2022,$27.96,351283,$27.53,$29.44,$27.41
05/10/2022,$27.76,301979,$27.68,$29.34,$27.17
05/09/2022,$28.08,419878,$28.75,$29.24,$27.33
05/06/2022,$29.48,273386,$29.83,$29.92,$29.03
05/05/2022,$29.98,303654,$30.50,$30.50,$28.94
05/04/2022,$31.09,134639,$30.56,$31.29,$29.4216
05/03/2022,$30.44,238438,$30.51,$30.8699,$29.66
05/02/2022,$30.36,311260,$29.95,$30.37,$28.84
04/29/2022,$29.80,172819,$31.03,$31.03,$29.735
04/28/2022,$30.40,136797,$30.30,$30.725,$29.37
04/27/2022,$29.66,223856,$29.81,$30.60,$29.48
04/26/2022,$29.52,191374,$29.47,$30.22,$28.82
04/25/2022,$30.15,284830,$29.39,$30.19,$28.3801
04/22/2022,$29.93,342498,$31.21,$31.81,$29.76
04/21/2022,$31.49,162386,$32.81,$33.2799,$31.37
04/20/2022,$32.22,151420,$33.22,$33.22,$32.20
04/19/2022,$32.98,147851,$32.00,$33.32,$31.99
04/18/2022,$32.24,158391,$31.81,$32.90,$31.06
04/14/2022,$32.11,137449,$33.01,$33.56,$32.10
04/13/2022,$33.13,84674,$32.11,$33.445,$32.11
04/12/2022,$32.02,244352,$33.05,$33.44,$31.91
04/11/2022,$32.27,269802,$32.10,$33.12,$31.91
04/08/2022,$32.17,250237,$32.87,$33.12,$32.10
04/07/2022,$33.20,280861,$32.31,$33.48,$32.31
04/06/2022,$32.31,329024,$32.90,$33.41,$32.21
04/05/2022,$33.59,375196,$34.57,$34.80,$33.52
04/04/2022,$34.84,327512,$32.96,$35.37,$32.85
04/01/2022,$33.00,364470,$33.52,$34.16,$32.27
03/31/2022,$33.15,400748,$35.51,$35.85,$33.06
03/30/2022,$35.56,231349,$37.44,$37.67,$35.53
03/29/2022,$37.59,309373,$35.49,$37.865,$35.49
03/28/2022,$34.80,262611,$34.79,$35.828,$34.38
03/25/2022,$34.93,227376,$35.76,$35.89,$34.61
03/24/2022,$35.52,166968,$36.22,$36.84,$35.21
03/23/2022,$35.95,207899,$35.58,$37.54,$35.58
03/22/2022,$36.18,293469,$35.33,$36.74,$34.74
03/21/2022,$34.87,234650,$35.31,$35.9165,$34.50
03/18/2022,$35.31,324384,$34.96,$35.62,$34.82
03/17/2022,$35.30,266028,$33.53,$35.47,$32.83
03/16/2022,$34.36,367340,$32.41,$34.45,$32.40
03/15/2022,$32.08,322961,$32.54,$33.10,$31.46
03/14/2022,$32.42,757571,$39.12,$39.50,$32.05
03/11/2022,$39.00,1566946,$40.65,$42.89,$38.47
03/10/2022,$41.90,3704040,$34.00,$44.42,$33.80
03/09/2022,$31.89,955486,$26.99,$32.13,$26.32
03/08/2022,$25.37,391573,$24.54,$26.10,$24.22
03/07/2022,$24.54,272026,$24.75,$25.47,$24.36
03/04/2022,$24.68,348661,$26.05,$26.28,$24.14
03/03/2022,$26.47,270423,$27.23,$28.1171,$26.25
03/02/2022,$27.28,390252,$26.50,$28.10,$26.00
03/01/2022,$26.26,464151,$29.35,$29.6442,$26.055
02/28/2022,$29.51,305478,$29.02,$29.9198,$28.93
02/25/2022,$29.65,147081,$30.26,$30.38,$29.21
02/24/2022,$30.17,384872,$29.45,$30.27,$28.66
02/23/2022,$30.67,226853,$31.35,$31.8684,$30.56
02/22/2022,$31.06,326247,$29.86,$31.98,$29.75
02/18/2022,$30.16,288542,$31.69,$31.69,$30.00
02/17/2022,$31.60,280197,$33.24,$33.24,$31.43
02/16/2022,$33.26,387341,$33.76,$34.37,$33.07
02/15/2022,$33.94,265725,$32.19,$34.00,$32.19
02/14/2022,$31.93,521724,$28.74,$32.18,$28.71
02/11/2022,$28.67,320261,$28.36,$29.45,$28.36
02/10/2022,$28.45,354395,$28.89,$30.1068,$28.31
02/09/2022,$29.69,400686,$28.15,$29.69,$27.49
02/08/2022,$27.51,256591,$26.83,$27.76,$26.83
02/07/2022,$26.91,248180,$27.97,$28.39,$26.82
02/04/2022,$27.80,366610,$27.28,$28.09,$26.80
02/03/2022,$27.48,451320,$28.42,$29.04,$27.375
02/02/2022,$29.18,398869,$30.26,$30.55,$28.99
02/01/2022,$30.01,247551,$30.68,$31.22,$29.76
01/31/2022,$30.39,223777,$28.72,$30.79,$28.72
01/28/2022,$29.01,234213,$28.57,$29.01,$27.51
01/27/2022,$28.37,143089,$29.99,$30.35,$28.12
01/26/2022,$29.53,138244,$30.79,$31.58,$29.38
01/25/2022,$30.00,179187,$29.23,$30.53,$29.15
01/24/2022,$30.21,242370,$29.07,$30.39,$27.88
01/21/2022,$29.74,203770,$29.65,$31.00,$29.4311
01/20/2022,$30.10,131375,$31.07,$31.66,$29.97
01/19/2022,$30.73,177177,$31.44,$31.52,$30.59
01/18/2022,$31.50,163706,$31.24,$32.08,$30.86
01/14/2022,$31.98,218602,$30.33,$32.14,$30.2596
01/13/2022,$30.65,434543,$35.80,$36.48,$30.5001
01/12/2022,$35.80,786020,$31.33,$36.16,$31.33
01/11/2022,$31.06,156068,$30.31,$31.44,$30.18
01/10/2022,$30.30,102350,$29.84,$30.30,$28.85
01/07/2022,$30.26,177502,$31.00,$31.68,$30.17
01/06/2022,$30.95,170872,$29.94,$31.6799,$29.94
01/05/2022,$30.04,128796,$31.29,$31.71,$29.91
01/04/2022,$31.40,308033,$31.76,$32.02,$31.23
01/03/2022,$31.46,123005,$30.60,$31.59,$30.45
12/31/2021,$30.40,90891,$30.29,$31.10,$30.29
12/30/2021,$30.44,77658,$31.00,$31.35,$30.25
12/29/2021,$30.93,123583,$30.55,$31.00,$30.07
12/28/2021,$30.63,93119,$30.84,$31.16,$30.54
12/27/2021,$30.98,96296,$30.83,$31.57,$30.6234
12/23/2021,$30.83,125802,$30.57,$31.49,$30.47
12/22/2021,$30.30,111103,$29.63,$30.40,$29.63
12/21/2021,$30.11,144539,$29.57,$30.25,$29.06
12/20/2021,$28.77,238792,$29.41,$29.42,$28.30
12/17/2021,$30.34,1312330,$29.01,$30.62,$28.09
12/16/2021,$29.43,224788,$30.40,$30.48,$29.12
12/15/2021,$29.88,233081,$28.99,$30.13,$27.83
12/14/2021,$28.94,323501,$29.33,$30.39,$28.265
12/13/2021,$29.83,177901,$30.37,$30.60,$29.695
12/10/2021,$30.65,126954,$31.21,$31.74,$30.38
12/09/2021,$30.92,171405,$31.81,$32.08,$30.89
12/08/2021,$32.18,166316,$32.96,$33.15,$32.07
12/07/2021,$32.90,217358,$32.67,$34.18,$32.00
12/06/2021,$31.79,199921,$30.57,$32.03,$29.61
12/03/2021,$30.30,201250,$31.80,$31.80,$29.54
12/02/2021,$31.79,258989,$30.41,$32.05,$30.11
12/01/2021,$30.40,279282,$32.285,$32.285,$29.68
11/30/2021,$30.56,378072,$31.06,$31.1392,$29.23
11/29/2021,$31.72,316303,$32.00,$32.06,$30.60
11/26/2021,$31.625,225974,$33.46,$33.99,$31.27
11/24/2021,$35.29,149356,$34.59,$35.40,$34.0101
11/23/2021,$34.94,185254,$34.79,$35.30,$33.73
11/22/2021,$34.79,139803,$34.84,$35.58,$33.9001
11/19/2021,$34.66,142695,$35.10,$35.66,$34.3601
11/18/2021,$35.52,148959,$36.02,$36.19,$35.1379
11/17/2021,$36.01,129378,$36.21,$36.41,$35.64
11/16/2021,$36.35,186919,$36.32,$36.85,$35.63
11/15/2021,$36.34,172725,$36.39,$37.41,$36.0598
11/12/2021,$36.31,138536,$36.49,$37.15,$36.25
11/11/2021,$36.49,144529,$35.71,$36.94,$35.57
11/10/2021,$35.32,407500,$34.96,$37.5432,$34.595
11/09/2021,$35.05,841440,$33.53,$36.75,$30.31
11/08/2021,$38.51,264223,$39.19,$39.88,$37.97
11/05/2021,$38.83,203176,$39.04,$39.17,$38.2557
11/04/2021,$38.32,318135,$38.28,$39.73,$37.61
11/03/2021,$38.16,365141,$35.42,$38.60,$35.02
11/02/2021,$35.67,176645,$35.00,$35.86,$34.38
11/01/2021,$35.05,295643,$33.17,$35.89,$33.17
10/29/2021,$32.81,265343,$32.06,$33.06,$31.73
10/28/2021,$31.97,163585,$30.96,$32.065,$30.89
10/27/2021,$30.81,134031,$31.70,$31.745,$30.77
10/26/2021,$31.76,131386,$31.92,$32.35,$31.66
10/25/2021,$31.79,301319,$31.45,$33.19,$31.32
10/22/2021,$31.27,169269,$31.60,$31.83,$30.945
10/21/2021,$31.50,169039,$30.71,$31.79,$30.08
10/20/2021,$30.79,108345,$30.75,$31.12,$30.50
10/19/2021,$30.89,109861,$29.92,$30.99,$29.74
10/18/2021,$29.87,136829,$29.96,$31.02,$29.85
10/15/2021,$30.39,224681,$30.20,$30.77,$29.83
10/14/2021,$29.66,175068,$28.67,$29.71,$28.64
10/13/2021,$28.14,70372,$27.77,$28.21,$27.6331
10/12/2021,$27.73,101376,$27.80,$27.93,$27.2001
10/11/2021,$27.60,105614,$28.18,$28.665,$27.566
10/08/2021,$28.23,119784,$28.35,$29.2266,$28.02
10/07/2021,$28.16,260885,$28.08,$28.784,$28.02
10/06/2021,$27.81,237510,$26.81,$27.82,$26.54
10/05/2021,$27.08,132401,$27.09,$27.4137,$26.78
10/04/2021,$27.05,147346,$27.96,$28.31,$26.87
10/01/2021,$28.00,153160,$27.06,$28.14,$27.06
09/30/2021,$26.93,154694,$26.92,$27.275,$26.80
09/29/2021,$26.88,126995,$27.98,$27.98,$26.80
09/28/2021,$27.70,211164,$29.00,$29.00,$27.42
09/27/2021,$29.06,181442,$27.87,$29.365,$27.87
09/24/2021,$27.87,141642,$27.85,$28.23,$27.61
09/23/2021,$27.98,98001,$27.39,$28.29,$27.39
09/22/2021,$27.24,110358,$27.16,$27.53,$26.7589
09/21/2021,$26.70,125670,$27.09,$27.70,$26.69
09/20/2021,$26.96,142119,$26.82,$27.23,$26.31
09/17/2021,$27.76,396724,$27.42,$27.87,$26.9295
09/16/2021,$27.28,108663,$27.75,$28.14,$27.26
09/15/2021,$27.79,140346,$27.73,$28.48,$27.37
09/14/2021,$27.58,200004,$27.50,$27.62,$26.71
09/13/2021,$27.37,103120,$26.99,$27.625,$26.68
09/10/2021,$26.79,100212,$27.82,$28.00,$26.69
09/09/2021,$27.40,91682,$27.70,$28.21,$26.99
09/08/2021,$27.76,184064,$27.49,$28.04,$26.7441
09/07/2021,$27.63,105545,$28.41,$28.70,$27.58
09/03/2021,$28.59,130264,$29.05,$29.40,$28.00
09/02/2021,$29.08,74944,$29.04,$29.48,$28.68
09/01/2021,$28.97,110837,$28.82,$29.54,$28.82
08/31/2021,$28.78,151933,$28.48,$29.55,$28.48
08/30/2021,$28.34,98804,$28.77,$29.00,$28.235
08/27/2021,$28.72,131390,$28.12,$29.01,$28.07
08/26/2021,$27.85,108842,$28.80,$29.13,$27.84
08/25/2021,$28.98,99873,$29.35,$29.66,$28.90
08/24/2021,$29.18,120953,$28.98,$29.43,$28.56
08/23/2021,$28.94,165199,$28.22,$28.96,$27.73
08/20/2021,$27.85,168266,$27.21,$27.85,$26.91
08/19/2021,$27.40,174246,$27.84,$28.10,$27.20
08/18/2021,$28.25,96395,$29.02,$29.02,$28.15
08/17/2021,$28.55,122273,$28.64,$29.02,$28.215
08/16/2021,$29.01,139352,$27.8435,$29.65,$27.8435
08/13/2021,$29.53,101877,$30.49,$30.64,$29.4339
08/12/2021,$30.56,98102,$31.16,$31.16,$30.26
08/11/2021,$31.22,131150,$31.00,$31.23,$30.35
08/10/2021,$30.98,194414,$30.64,$31.34,$30.16
08/09/2021,$30.62,184929,$28.57,$30.96,$28.18
08/06/2021,$30.31,99413,$30.40,$30.5456,$29.81
08/05/2021,$30.11,92883,$29.93,$30.66,$29.72
08/04/2021,$29.73,107095,$30.08,$30.44,$29.655
08/03/2021,$30.37,172408,$30.05,$30.65,$29.3284
08/02/2021,$30.16,139957,$30.49,$31.04,$30.00
07/30/2021,$30.22,102426,$30.24,$30.939,$30.02
07/29/2021,$30.67,94730,$30.93,$31.20,$30.58
07/28/2021,$30.52,151606,$29.85,$30.84,$29.58
07/27/2021,$29.62,113124,$30.16,$30.33,$28.95
07/26/2021,$30.43,88402,$29.53,$30.65,$29.53
07/23/2021,$29.46,102456,$30.09,$30.09,$29.08
07/22/2021,$29.91,98996,$31.185,$31.89,$29.75
07/21/2021,$30.77,145264,$30.05,$30.9999,$29.995
07/20/2021,$29.95,211708,$28.86,$30.44,$28.40
07/19/2021,$28.79,196863,$28.64,$29.10,$27.87
07/16/2021,$29.20,269159,$30.71,$30.82,$28.92
07/15/2021,$30.25,218309,$31.00,$31.30,$29.70
07/14/2021,$31.16,148501,$32.08,$32.40,$31.05
07/13/2021,$31.78,168177,$32.48,$32.48,$31.70
07/12/2021,$32.64,151327,$32.87,$33.01,$32.0906
07/09/2021,$32.86,243199,$31.78,$33.47,$31.11
07/08/2021,$31.10,223180,$30.48,$31.62,$29.92
07/07/2021,$31.58,201463,$31.97,$32.84,$30.80
07/06/2021,$31.94,200551,$32.30,$32.30,$31.44
07/02/2021,$32.40,232230,$33.83,$33.83,$32.1282
07/01/2021,$33.47,297240,$33.65,$34.21,$32.875
06/30/2021,$33.90,323615,$34.35,$34.87,$33.83
06/29/2021,$34.52,240442,$35.12,$35.17,$33.85
06/28/2021,$35.17,233472,$36.06,$36.335,$35.14
06/25/2021,$35.84,806396,$36.74,$37.01,$35.78
06/24/2021,$36.82,309061,$35.56,$37.10,$35.30
06/23/2021,$35.25,264022,$34.05,$35.435,$34.00
06/22/2021,$33.86,227719,$34.07,$34.07,$33.43
06/21/2021,$34.15,285024,$33.21,$34.30,$32.49
06/18/2021,$33.01,450971,$34.78,$35.18,$32.38
06/17/2021,$35.66,262021,$35.25,$36.46,$34.79
06/16/2021,$35.27,241235,$34.48,$35.39,$34.14
06/15/2021,$34.86,296857,$35.66,$35.80,$34.4817
06/14/2021,$35.63,574610,$37.11,$37.77,$35.51
06/11/2021,$36.74,526950,$34.55,$36.76,$34.55
06/10/2021,$34.43,402987,$34.78,$35.58,$33.50
06/09/2021,$34.78,643844,$33.53,$34.96,$33.53
06/08/2021,$33.57,768029,$30.54,$33.92,$30.11
06/07/2021,$30.44,549374,$29.53,$30.49,$29.30
06/04/2021,$29.40,223035,$29.11,$29.66,$28.86
06/03/2021,$28.85,221659,$28.81,$29.35,$28.17
06/02/2021,$28.89,427557,$28.17,$28.97,$27.75
06/01/2021,$28.00,287071,$27.56,$28.38,$27.26
05/28/2021,$27.40,226730,$27.875,$28.06,$27.33
05/27/2021,$27.86,337689,$26.93,$28.19,$26.575
05/26/2021,$26.77,149571,$26.28,$27.14,$26.28
05/25/2021,$26.14,283796,$27.69,$27.9899,$26.10
05/24/2021,$27.73,226957,$27.78,$28.27,$27.22
05/21/2021,$27.64,242855,$27.65,$28.25,$27.51
05/20/2021,$27.32,342347,$27.05,$27.66,$26.67
05/19/2021,$27.14,457351,$26.90,$27.22,$25.91
05/18/2021,$27.38,395623,$28.29,$28.29,$27.0994
05/17/2021,$28.09,378928,$27.60,$29.49,$26.83
05/14/2021,$28.53,324759,$28.253,$28.95,$27.50
05/13/2021,$27.31,451300,$26.92,$28.34,$26.63
05/12/2021,$26.79,466152,$28.09,$28.8899,$26.41
05/11/2021,$28.06,530923,$27.76,$28.99,$27.00
05/10/2021,$29.35,277195,$30.46,$31.065,$29.28
05/07/2021,$30.43,513856,$30.23,$31.45,$29.96
05/06/2021,$30.15,482829,$30.75,$31.20,$29.93
05/05/2021,$30.50,385074,$30.72,$31.235,$30.21
05/04/2021,$30.45,410634,$30.20,$30.46,$29.38
05/03/2021,$30.52,603212,$30.91,$31.46,$30.29
04/30/2021,$30.11,673513,$32.25,$32.46,$29.49
04/29/2021,$32.56,397245,$32.72,$32.72,$31.31
04/28/2021,$32.22,442083,$32.98,$33.93,$31.15
04/27/2021,$33.44,493387,$33.584,$33.945,$32.29
04/26/2021,$32.72,361699,$31.45,$32.93,$31.45
04/23/2021,$31.39,255097,$30.74,$31.64,$30.43
04/22/2021,$30.28,371581,$29.47,$31.22,$29.47
04/21/2021,$30.08,331366,$28.42,$30.25,$28.31
04/20/2021,$28.47,361919,$28.71,$29.17,$27.6801
04/19/2021,$28.81,491762,$29.09,$29.16,$28.00
04/16/2021,$29.05,539994,$30.4732,$30.4732,$28.33
04/15/2021,$29.61,391331,$30.53,$30.95,$28.97
04/14/2021,$29.90,362609,$29.72,$31.55,$29.72
04/13/2021,$29.76,397453,$30.43,$30.74,$29.18
04/12/2021,$30.05,251650,$30.79,$31.1399,$29.90
04/09/2021,$30.80,167611,$30.78,$30.88,$30.15
04/08/2021,$31.06,439360,$30.60,$31.23,$30.17
04/07/2021,$30.50,352168,$31.86,$32.17,$30.415
04/06/2021,$31.90,220715,$31.58,$32.73,$31.36
04/05/2021,$31.47,453252,$32.67,$32.67,$31.36
04/01/2021,$31.93,346966,$32.36,$32.99,$31.20
03/31/2021,$32.03,336152,$31.04,$32.90,$31.04
03/30/2021,$31.46,381808,$31.09,$31.78,$29.80
03/29/2021,$30.10,277159,$30.84,$31.84,$30.05
03/26/2021,$31.20,444841,$31.74,$32.50,$30.0322
03/25/2021,$31.21,489382,$28.99,$31.36,$28.295
03/24/2021,$28.96,513760,$31.95,$31.98,$28.96
03/23/2021,$31.44,433555,$33.28,$33.73,$31.22
03/22/2021,$33.31,339784,$32.87,$33.50,$32.14
03/19/2021,$32.87,636985,$31.98,$33.41,$30.90
03/18/2021,$32.29,579102,$31.60,$32.92,$30.85
03/17/2021,$31.81,434269,$31.70,$32.2188,$30.44
03/16/2021,$31.92,511223,$33.54,$34.56,$31.50
03/15/2021,$33.54,759037,$33.04,$34.17,$32.15
03/12/2021,$33.17,856332,$30.50,$33.49,$30.33
03/11/2021,$30.93,534480,$30.14,$31.3599,$29.72
03/10/2021,$29.90,827968,$29.13,$30.20,$28.66
03/09/2021,$28.73,1147743,$27.38,$29.55,$27.25
03/08/2021,$27.63,1094133,$25.10,$27.90,$24.38
03/05/2021,$24.85,809620,$24.40,$24.95,$22.39
03/04/2021,$24.35,637642,$23.89,$24.71,$23.19
03/03/2021,$24.37,542419,$25.38,$25.76,$23.92
03/02/2021,$24.74,635265,$25.91,$26.37,$24.70
03/01/2021,$25.76,707551,$24.98,$25.86,$24.46
02/26/2021,$24.38,960946,$24.33,$24.80,$23.12
02/25/2021,$23.74,1641883,$25.26,$26.51,$23.51
02/24/2021,$25.15,1749022,$23.90,$25.59,$23.60
02/23/2021,$23.20,3833410,$28.98,$29.44,$22.72
02/22/2021,$30.50,11315300,$29.44,$32.90,$24.41
02/19/2021,$50.74,289234,$51.02,$51.74,$50.265
02/18/2021,$50.74,254230,$51.97,$52.71,$49.764
02/17/2021,$52.24,450046,$50.70,$52.75,$50.16
02/16/2021,$51.15,269985,$51.84,$53.44,$49.85
02/12/2021,$51.50,216241,$51.42,$52.515,$51.00
02/11/2021,$52.08,284168,$54.14,$55.09,$51.10
02/10/2021,$53.80,331259,$54.84,$54.84,$51.80
02/09/2021,$54.82,318400,$51.91,$55.53,$50.27
02/08/2021,$52.43,450938,$47.82,$53.57,$47.15
02/05/2021,$47.86,469627,$44.40,$48.16,$43.02
02/04/2021,$46.65,335730,$46.90,$48.48,$45.34
02/03/2021,$47.00,827397,$45.69,$47.46,$41.20
02/02/2021,$41.89,1121058,$52.93,$54.32,$41.15
02/01/2021,$53.55,556612,$54.01,$55.59,$52.67
01/29/2021,$52.07,651138,$56.00,$57.575,$52.03
01/28/2021,$52.69,1656725,$61.0021,$62.945,$50.2001
01/27/2021,$58.63,2579553,$47.22,$64.14,$46.00
01/26/2021,$48.14,334930,$46.64,$48.19,$44.51
01/25/2021,$46.16,432331,$45.78,$48.2964,$45.71
01/22/2021,$45.63,237270,$44.60,$45.80,$44.0127
01/21/2021,$45.03,320371,$43.91,$45.42,$42.93
01/20/2021,$43.91,219079,$43.03,$44.58,$42.84
01/19/2021,$42.69,338759,$43.00,$44.21,$41.8783
01/15/2021,$42.50,270859,$42.73,$43.485,$41.42
01/14/2021,$43.31,391233,$39.95,$43.61,$39.95
01/13/2021,$39.48,193572,$39.01,$39.90,$38.21
01/12/2021,$39.08,163759,$38.78,$39.14,$38.06
01/11/2021,$38.29,136073,$38.53,$39.02,$38.1241
01/08/2021,$39.02,216761,$40.63,$40.6497,$38.26
01/07/2021,$40.33,246301,$40.90,$41.56,$39.75
01/06/2021,$40.31,364896,$38.47,$41.45,$38.385
01/05/2021,$38.20,187902,$37.47,$38.79,$37.40
01/04/2021,$37.58,315620,$38.18,$38.62,$36.92
12/31/2020,$37.97,188448,$37.10,$38.22,$36.76
12/30/2020,$37.17,164714,$36.50,$37.38,$36.50
12/29/2020,$36.28,235194,$37.69,$37.96,$35.70
12/28/2020,$37.82,250115,$37.50,$38.60,$37.21
12/24/2020,$37.10,84839,$37.17,$37.39,$36.74
12/23/2020,$36.97,141415,$36.83,$37.10,$36.35
12/22/2020,$36.32,154636,$35.83,$37.43,$35.83
12/21/2020,$35.73,226507,$35.28,$36.09,$34.92
12/18/2020,$36.09,578222,$35.70,$36.34,$35.53
12/17/2020,$35.70,174319,$35.63,$36.24,$35.29
12/16/2020,$35.61,834356,$35.90,$36.09,$35.47
12/15/2020,$35.56,145539,$35.29,$35.9736,$34.74
12/14/2020,$34.93,284912,$36.80,$36.93,$34.71
12/11/2020,$36.27,179539,$36.15,$36.555,$35.44
12/10/2020,$36.49,249938,$34.67,$36.61,$34.55
12/09/2020,$35.21,334744,$35.59,$36.11,$34.025
12/08/2020,$35.42,240486,$33.96,$35.50,$33.95
12/07/2020,$34.28,229337,$34.83,$34.87,$33.47
12/04/2020,$34.82,277029,$34.58,$35.20,$34.13
12/03/2020,$34.08,225322,$34.53,$35.08,$33.90
12/02/2020,$34.16,234622,$33.22,$34.50,$32.79
12/01/2020,$33.47,462582,$35.12,$35.20,$32.09
11/30/2020,$34.01,284839,$35.44,$36.22,$33.7001
11/27/2020,$35.44,157738,$35.23,$36.60,$35.23
11/25/2020,$34.83,319985,$35.52,$36.14,$34.59
11/24/2020,$35.94,588963,$35.00,$37.97,$34.76
11/23/2020,$33.94,337206,$32.30,$34.19,$31.81
11/20/2020,$31.52,216141,$30.58,$31.71,$30.42
11/19/2020,$30.54,469426,$32.36,$33.28,$30.40
11/18/2020,$32.59,546962,$31.45,$34.33,$31.27
11/17/2020,$31.11,551280,$30.77,$31.90,$30.18
11/16/2020,$31.31,509306,$28.72,$31.5325,$28.50
11/13/2020,$27.68,402332,$27.30,$27.88,$27.08
11/12/2020,$27.00,829564,$27.88,$29.62,$26.89
11/11/2020,$28.10,331577,$27.46,$28.10,$25.82
11/10/2020,$27.79,853876,$26.81,$28.45,$26.39
11/09/2020,$26.37,1131902,$21.06,$26.88,$21.06
11/06/2020,$19.42,238681,$19.74,$19.75,$18.95
11/05/2020,$19.53,159723,$19.19,$19.95,$19.18
11/04/2020,$18.96,203473,$19.77,$19.99,$18.81
11/03/2020,$19.91,209878,$19.51,$20.04,$19.39
11/02/2020,$19.00,351761,$18.37,$19.62,$18.37
10/30/2020,$18.06,250190,$18.31,$18.46,$17.90
10/29/2020,$18.38,250874,$18.28,$18.68,$17.87
10/28/2020,$18.25,370999,$18.77,$18.79,$17.83
10/27/2020,$19.26,154016,$19.78,$19.79,$19.12
10/26/2020,$19.78,261455,$19.62,$19.78,$18.95
10/23/2020,$20.02,158191,$20.54,$20.54,$19.56
10/22/2020,$20.07,182660,$19.31,$20.11,$19.025
10/21/2020,$19.32,149362,$19.02,$19.4361,$19.01
10/20/2020,$19.15,230589,$19.40,$19.775,$19.10
10/19/2020,$19.21,330337,$21.07,$21.1699,$19.21
10/16/2020,$20.88,119312,$21.20,$21.37,$20.86
10/15/2020,$21.25,178024,$20.74,$21.38,$20.35
10/14/2020,$21.17,150139,$21.44,$21.7171,$21.14
10/13/2020,$21.30,178053,$21.42,$21.64,$21.04
10/12/2020,$21.72,116299,$21.51,$21.875,$21.14
10/09/2020,$21.36,165065,$21.59,$21.8549,$21.2394
10/08/2020,$21.33,156367,$22.2565,$22.2565,$21.23
10/07/2020,$20.97,538484,$20.79,$21.55,$20.4503
10/06/2020,$20.78,409750,$22.17,$22.35,$20.67
10/05/2020,$21.88,189561,$21.67,$22.27,$21.53
10/02/2020,$21.35,159966,$21.23,$21.56,$20.90
10/01/2020,$21.94,318211,$20.78,$21.95,$20.52
09/30/2020,$20.60,211405,$20.71,$21.38,$20.48
09/29/2020,$20.51,145212,$20.41,$20.56,$19.9483
09/28/2020,$20.48,210700,$20.30,$20.99,$20.30
09/25/2020,$19.93,231407,$19.05,$20.06,$19.05
09/24/2020,$19.30,311288,$19.40,$19.57,$18.71
09/23/2020,$19.425,328601,$19.56,$20.19,$19.34
09/22/2020,$19.57,170160,$19.70,$19.94,$19.05
09/21/2020,$19.50,265996,$19.70,$19.91,$19.11
09/18/2020,$20.38,474479,$20.84,$21.32,$20.31
09/17/2020,$20.61,245617,$19.99,$20.79,$19.70
09/16/2020,$20.41,192556,$20.44,$20.84,$20.33
09/15/2020,$20.365,160843,$20.22,$20.67,$20.06
09/14/2020,$20.08,180469,$19.99,$20.18,$19.784
09/11/2020,$19.79,250213,$19.87,$20.09,$19.51
09/10/2020,$19.77,530924,$21.09,$21.40,$19.74
09/09/2020,$20.84,267127,$21.27,$21.81,$20.52
09/08/2020,$20.91,368394,$21.36,$21.58,$20.68
09/04/2020,$21.67,243277,$22.22,$22.35,$21.08
09/03/2020,$21.85,245746,$22.96,$23.27,$21.50
09/02/2020,$23.19,297426,$23.27,$23.42,$22.48
09/01/2020,$23.32,176289,$22.77,$23.53,$22.76
08/31/2020,$23.07,320109,$24.75,$24.75,$22.63
08/28/2020,$24.75,351434,$23.47,$24.91,$23.08
08/27/2020,$23.18,360110,$24.34,$24.41,$23.11
08/26/2020,$24.36,156471,$25.06,$25.115,$24.26
08/25/2020,$24.91,182365,$25.20,$25.24,$24.61
08/24/2020,$25.20,257576,$24.84,$25.28,$24.645
08/21/2020,$24.79,200254,$25.20,$25.30,$24.75
08/20/2020,$25.09,204158,$25.30,$25.34,$24.85
08/19/2020,$25.55,218190,$25.55,$26.02,$25.30
08/18/2020,$25.63,163263,$26.11,$26.11,$25.49
08/17/2020,$26.04,167549,$25.81,$26.16,$25.48
08/14/2020,$25.72,120100,$25.45,$25.73,$25.24
08/13/2020,$25.67,143452,$25.66,$26.49,$25.58
08/12/2020,$25.58,192838,$25.68,$25.87,$25.11
08/11/2020,$25.22,281706,$26.59,$26.85,$25.20
08/10/2020,$26.27,258224,$26.47,$27.07,$26.10
08/07/2020,$26.23,654270,$26.00,$27.72,$25.51
08/06/2020,$24.02,326275,$23.33,$24.21,$22.81
08/05/2020,$23.56,175424,$23.44,$23.68,$23.11
08/04/2020,$23.05,177440,$22.44,$23.20,$22.32
08/03/2020,$22.54,231426,$22.20,$22.81,$21.8503
07/31/2020,$22.055,230429,$21.67,$22.06,$21.1201
07/30/2020,$21.80,177648,$21.36,$21.91,$20.60
07/29/2020,$21.92,233383,$20.76,$21.93,$20.64
07/28/2020,$20.52,153434,$20.83,$21.07,$20.52
07/27/2020,$20.94,257929,$21.17,$21.17,$19.96
07/24/2020,$21.20,226282,$22.57,$22.57,$21.05
07/23/2020,$22.67,215712,$22.49,$23.35,$22.43
07/22/2020,$22.65,213116,$22.84,$23.46,$22.42
07/21/2020,$22.975,351316,$22.66,$23.37,$22.2656
07/20/2020,$22.22,244970,$22.07,$22.40,$21.85
07/17/2020,$22.08,269198,$22.00,$22.36,$21.91
07/16/2020,$22.03,312251,$21.55,$22.37,$21.29
07/15/2020,$21.82,361139,$20.72,$21.87,$20.5901
07/14/2020,$20.13,363077,$20.33,$20.5255,$19.2127
07/13/2020,$20.45,451121,$20.50,$21.33,$20.21
07/10/2020,$20.01,252890,$19.87,$20.09,$19.55
07/09/2020,$19.93,481665,$20.90,$20.90,$19.84
07/08/2020,$20.84,243649,$20.72,$21.095,$19.9238
07/07/2020,$20.78,309880,$21.274,$21.47,$20.68
07/06/2020,$21.64,218402,$22.11,$22.345,$21.37
07/02/2020,$21.60,306707,$22.44,$22.68,$21.565
07/01/2020,$21.76,274203,$22.28,$22.76,$21.73
06/30/2020,$22.36,218646,$21.78,$22.41,$21.6552
06/29/2020,$21.89,229577,$21.16,$21.99,$20.6614
06/26/2020,$20.81,766697,$21.65,$22.05,$20.72
06/25/2020,$21.88,486544,$20.64,$22.02,$20.64
06/24/2020,$20.93,633224,$22.97,$23.12,$20.88
06/23/2020,$23.44,673788,$23.52,$23.56,$22.47
06/22/2020,$22.90,538214,$23.26,$23.77,$22.56
06/19/2020,$23.435,663765,$24.48,$25.28,$23.43
06/18/2020,$24.05,329989,$23.68,$24.07,$23.02
06/17/2020,$23.90,556227,$24.93,$24.93,$22.65
06/16/2020,$25.09,709429,$26.21,$26.73,$24.96
06/15/2020,$24.94,277000,$23.17,$25.4034,$23.00
06/12/2020,$24.16,450073,$24.69,$25.2484,$22.97
06/11/2020,$22.98,599744,$25.35,$25.5947,$22.8599
06/10/2020,$26.665,570953,$29.01,$29.51,$26.3367
06/09/2020,$28.80,289525,$30.21,$30.64,$28.73
06/08/2020,$31.005,674997,$29.50,$31.76,$29.17
06/05/2020,$28.37,517819,$28.00,$29.3831,$27.775
06/04/2020,$27.13,619833,$25.45,$27.78,$25.44
06/03/2020,$25.83,438147,$24.63,$26.10,$24.63
06/02/2020,$24.27,337353,$23.98,$24.49,$23.43
06/01/2020,$23.62,317431,$22.43,$23.8511,$22.19
05/29/2020,$22.41,419972,$22.42,$22.74,$21.66
05/28/2020,$22.78,386097,$22.82,$23.04,$22.1518
05/27/2020,$22.58,381733,$22.07,$22.73,$21.04
05/26/2020,$21.47,273663,$21.49,$22.20,$21.2999
05/22/2020,$20.59,140655,$20.75,$20.75,$19.82
05/21/2020,$20.72,373995,$20.93,$21.15,$20.50
05/20/2020,$20.99,423916,$20.69,$21.32,$20.55
05/19/2020,$20.24,384743,$19.38,$21.09,$18.96
05/18/2020,$19.495,431178,$18.27,$20.12,$18.15
05/15/2020,$17.44,494539,$17.35,$17.76,$16.535
05/14/2020,$17.57,674268,$17.29,$17.63,$16.01
05/13/2020,$17.815,676907,$20.06,$20.98,$17.66
05/12/2020,$20.28,571081,$20.16,$21.3448,$20.16
05/11/2020,$20.17,605530,$22.10,$22.97,$20.08
05/08/2020,$20.88,348402,$21.34,$21.4075,$20.42
05/07/2020,$20.89,309760,$20.23,$20.96,$20.23
05/06/2020,$20.09,364427,$20.04,$20.422,$19.41
05/05/2020,$19.52,325328,$20.20,$20.70,$19.42
05/04/2020,$19.755,306993,$18.70,$19.87,$18.29
05/01/2020,$19.09,468156,$20.16,$20.3475,$18.52
04/30/2020,$20.93,515203,$21.29,$21.82,$20.36
04/29/2020,$21.53,469195,$20.74,$21.81,$20.31
04/28/2020,$19.72,434921,$20.09,$20.74,$19.2422
04/27/2020,$19.31,405287,$17.63,$19.65,$17.63
04/24/2020,$17.42,264526,$17.18,$17.48,$16.96
04/23/2020,$17.07,343727,$17.47,$17.89,$17.02
04/22/2020,$17.28,381792,$17.97,$18.30,$17.21
04/21/2020,$17.58,412409,$17.38,$17.88,$16.95
04/20/2020,$17.99,609739,$17.12,$18.85,$17.00
04/17/2020,$17.60,548873,$17.39,$18.00,$16.98
04/16/2020,$16.49,655605,$16.36,$16.68,$15.56
04/15/2020,$16.33,643347,$17.54,$17.54,$16.21
04/14/2020,$17.38,415111,$16.78,$17.52,$16.61
04/13/2020,$16.43,533454,$16.80,$16.845,$15.82
04/09/2020,$16.89,965320,$17.71,$18.77,$16.21
04/08/2020,$16.98,665133,$15.54,$17.25,$15.23
04/07/2020,$15.01,603783,$15.78,$16.38,$14.70
04/06/2020,$14.71,628943,$13.13,$14.81,$12.58
04/03/2020,$12.33,690475,$12.67,$13.1299,$12.17
04/02/2020,$12.64,692640,$12.86,$13.35,$12.14
04/01/2020,$13.09,954929,$14.65,$14.975,$12.55
03/31/2020,$15.18,732045,$15.99,$16.29,$14.70
03/30/2020,$16.00,573448,$17.75,$17.80,$15.92
03/27/2020,$17.48,640277,$17.01,$18.26,$16.93
03/26/2020,$17.75,990615,$15.86,$17.96,$15.73
03/25/2020,$15.62,750747,$14.81,$16.56,$13.53
03/24/2020,$14.73,553196,$14.75,$15.47,$13.945
03/23/2020,$13.90,827157,$13.46,$14.35,$12.335
03/20/2020,$13.50,1816848,$14.61,$15.97,$13.43
03/19/2020,$13.99,2472902,$8.96,$15.08,$8.9086
03/18/2020,$8.82,1434184,$12.72,$13.14,$8.75
03/17/2020,$13.76,1368389,$14.13,$14.40,$12.10
03/16/2020,$13.915,1191627,$14.26,$14.92,$13.72
03/13/2020,$16.29,998582,$17.32,$17.5956,$15.25
03/12/2020,$16.23,1599276,$18.20,$18.37,$15.26
03/11/2020,$19.21,539220,$21.56,$21.99,$19.02
03/10/2020,$22.34,518025,$22.80,$23.25,$20.7401
03/09/2020,$21.80,746942,$21.44,$23.80,$21.2501
03/06/2020,$23.71,825273,$21.53,$24.13,$21.36
03/05/2020,$22.10,690757,$22.00,$22.90,$21.04
03/04/2020,$22.86,1387412,$24.80,$24.80,$21.56
03/03/2020,$24.02,797576,$26.45,$27.09,$23.0484
03/02/2020,$26.30,701220,$27.44,$28.7462,$25.09
02/28/2020,$26.44,658944,$25.10,$26.92,$25.10
02/27/2020,$26.57,798307,$28.43,$28.675,$26.4281
02/26/2020,$29.27,483164,$30.70,$30.70,$28.80
02/25/2020,$30.36,617366,$33.43,$33.43,$29.8928
02/24/2020,$33.20,349820,$31.87,$33.27,$31.25
02/21/2020,$33.71,316164,$35.11,$35.18,$33.28
02/20/2020,$35.29,455897,$37.00,$37.21,$34.18
02/19/2020,$37.21,182520,$37.57,$37.59,$36.40
02/18/2020,$37.24,208798,$38.41,$38.63,$36.66
02/14/2020,$38.60,218502,$38.69,$39.03,$37.885
02/13/2020,$38.54,165708,$38.05,$38.54,$37.89
02/12/2020,$38.44,246123,$37.45,$38.56,$36.98
02/11/2020,$37.09,182051,$37.13,$37.3838,$36.57
02/10/2020,$36.76,154305,$36.89,$36.91,$36.42
02/07/2020,$37.02,182470,$37.07,$37.40,$36.70
02/06/2020,$37.30,203695,$37.10,$37.44,$36.85
02/05/2020,$36.83,389630,$35.89,$37.435,$35.85
02/04/2020,$35.22,240593,$34.88,$35.78,$34.29
02/03/2020,$34.17,199936,$34.74,$34.89,$33.72
01/31/2020,$34.43,156794,$35.76,$35.83,$34.32
01/30/2020,$35.93,232495,$35.95,$36.29,$35.02
01/29/2020,$36.35,298089,$35.83,$36.79,$35.81
01/28/2020,$35.61,171080,$34.55,$35.6782,$34.39
01/27/2020,$34.35,345294,$34.54,$34.66,$33.51
01/24/2020,$35.64,279402,$36.12,$36.33,$35.33
01/23/2020,$36.14,431234,$36.00,$36.215,$35.06
01/22/2020,$36.47,325745,$34.92,$36.63,$34.92
01/21/2020,$35.04,307342,$34.29,$35.31,$34.29
01/17/2020,$35.16,265978,$35.43,$35.60,$34.95
01/16/2020,$35.17,302355,$34.44,$35.31,$34.44
01/15/2020,$34.05,295775,$32.89,$34.36,$32.89
01/14/2020,$32.98,224015,$32.60,$33.45,$32.50
01/13/2020,$32.84,303817,$32.05,$32.88,$31.65
01/10/2020,$31.60,299458,$32.46,$32.52,$31.47
01/09/2020,$32.42,185586,$32.57,$32.82,$32.369
01/08/2020,$32.54,209907,$32.79,$33.13,$32.46
01/07/2020,$32.75,189064,$32.69,$33.315,$32.50
01/06/2020,$32.67,272646,$32.80,$33.1781,$31.90
01/03/2020,$33.18,236286,$32.78,$33.53,$32.65
01/02/2020,$33.44,351461,$33.66,$33.68,$32.70
12/31/2019,$33.41,314689,$32.51,$33.50,$32.51
12/30/2019,$32.62,201805,$32.68,$32.99,$32.20
12/27/2019,$32.65,316603,$32.60,$32.99,$32.05
12/26/2019,$32.47,151398,$32.89,$33.00,$32.28
12/24/2019,$32.88,85682,$33.36,$33.57,$32.65
12/23/2019,$33.35,172322,$33.52,$33.56,$32.87
12/20/2019,$33.26,465600,$33.33,$34.05,$33.09
12/19/2019,$33.16,285878,$33.09,$33.2631,$32.60
12/18/2019,$33.06,244228,$33.01,$33.83,$32.925
12/17/2019,$32.98,259561,$33.08,$33.08,$32.123
12/16/2019,$33.09,457612,$33.09,$33.94,$32.70
12/13/2019,$32.82,281464,$32.99,$33.72,$32.56
12/12/2019,$32.99,287992,$32.67,$33.52,$32.31
12/11/2019,$32.52,294498,$32.51,$32.93,$32.18
12/10/2019,$32.49,154253,$32.73,$33.23,$32.40
12/09/2019,$32.82,282587,$32.95,$33.60,$32.69
12/06/2019,$33.01,227645,$33.67,$34.16,$32.88
12/05/2019,$33.44,188214,$34.04,$34.61,$33.24
12/04/2019,$34.05,324086,$34.07,$34.79,$33.85
12/03/2019,$33.90,387520,$32.71,$34.01,$32.12
12/02/2019,$32.935,305590,$34.60,$34.77,$32.90
11/29/2019,$34.78,146532,$34.82,$35.135,$34.64
11/27/2019,$35.08,324231,$34.40,$35.12,$34.30
11/26/2019,$34.05,319894,$33.74,$34.12,$33.53
11/25/2019,$33.79,442966,$32.97,$34.03,$32.83
11/22/2019,$32.53,473809,$31.96,$32.62,$31.06
11/21/2019,$31.69,733266,$32.86,$33.1654,$31.50
11/20/2019,$32.83,703451,$34.19,$34.30,$32.44
11/19/2019,$34.25,865125,$34.21,$34.47,$32.89
11/18/2019,$34.17,853400,$34.36,$34.36,$33.01
11/15/2019,$34.50,951909,$32.92,$35.04,$32.15
11/14/2019,$32.83,875306,$36.06,$36.35,$32.59
11/13/2019,$36.39,715150,$36.70,$37.41,$35.6601
11/12/2019,$36.47,1263860,$35.36,$38.09,$35.36
11/11/2019,$41.06,627211,$42.61,$42.61,$40.77
11/08/2019,$42.90,362714,$42.78,$43.54,$42.38
11/07/2019,$43.06,322999,$43.08,$43.65,$42.58
11/06/2019,$42.49,438308,$43.34,$43.60,$42.37
11/05/2019,$43.44,132564,$43.45,$44.18,$43.05
11/04/2019,$43.25,145136,$43.82,$43.9691,$42.49
11/01/2019,$43.39,143865,$42.85,$43.52,$42.71
10/31/2019,$42.63,187567,$43.36,$43.5997,$41.98
10/30/2019,$43.40,271931,$43.65,$44.39,$43.00
10/29/2019,$43.71,349427,$43.63,$44.385,$43.59
10/28/2019,$43.99,359987,$42.51,$44.05,$41.95
10/25/2019,$41.65,166249,$40.25,$41.71,$40.15
10/24/2019,$40.42,136632,$41.25,$41.25,$40.20
10/23/2019,$40.96,208140,$39.60,$40.99,$39.35
10/22/2019,$39.57,130306,$39.78,$40.01,$39.20
10/21/2019,$39.89,234357,$39.07,$40.55,$39.07
10/18/2019,$38.55,130168,$39.02,$39.255,$38.41
10/17/2019,$39.22,162644,$39.13,$39.46,$38.72
10/16/2019,$38.77,240431,$38.40,$39.50,$38.40
10/15/2019,$38.63,399096,$39.03,$39.78,$38.48
10/14/2019,$38.82,258846,$39.20,$39.40,$38.21
10/11/2019,$39.41,660365,$39.40,$41.11,$39.32
10/10/2019,$38.72,242421,$39.41,$39.92,$38.65
10/09/2019,$39.31,281787,$39.91,$40.15,$38.89
10/08/2019,$39.34,221643,$40.48,$40.48,$39.17
10/07/2019,$40.58,405719,$40.39,$41.15,$40.07
10/04/2019,$40.41,280843,$40.26,$40.50,$39.48
10/03/2019,$40.02,206242,$39.48,$40.04,$38.40
10/02/2019,$39.74,279652,$40.13,$40.42,$39.14
10/01/2019,$40.53,329012,$42.35,$43.45,$40.28
09/30/2019,$42.10,350734,$41.89,$42.49,$41.36
09/27/2019,$41.60,271437,$43.87,$44.72,$41.40
09/26/2019,$43.43,217524,$43.39,$44.02,$43.21
09/25/2019,$43.82,275821,$43.35,$44.085,$42.73
09/24/2019,$43.39,264102,$43.71,$44.215,$42.89
09/23/2019,$43.37,257374,$43.09,$43.78,$42.65
09/20/2019,$43.53,427416,$43.39,$44.99,$43.07
09/19/2019,$43.08,228053,$44.00,$44.43,$43.08
09/18/2019,$43.72,340266,$44.76,$45.075,$43.08
09/17/2019,$44.73,356483,$45.16,$46.12,$43.96
09/16/2019,$45.65,355166,$43.50,$45.73,$43.19
09/13/2019,$43.79,273392,$44.06,$44.54,$43.28
09/12/2019,$43.59,413760,$43.44,$44.19,$42.71
09/11/2019,$43.42,574157,$41.40,$43.79,$40.46
09/10/2019,$41.25,696263,$38.32,$41.46,$38.32
09/09/2019,$38.50,314774,$37.98,$39.2267,$37.91
09/06/2019,$37.81,322568,$37.17,$38.21,$36.57
09/05/2019,$36.98,525415,$35.74,$37.37,$35.41
09/04/2019,$35.01,175860,$35.08,$35.74,$34.86
09/03/2019,$34.61,277593,$34.85,$35.11,$34.32
08/30/2019,$35.42,209223,$35.62,$35.90,$35.10
08/29/2019,$35.37,171720,$35.00,$35.94,$34.86
08/28/2019,$34.52,155398,$34.40,$34.84,$33.71
08/27/2019,$34.48,239415,$35.23,$35.64,$34.38
08/26/2019,$34.85,173368,$35.00,$35.07,$34.32
08/23/2019,$34.32,265337,$35.79,$36.13,$34.21
08/22/2019,$36.03,211337,$35.89,$36.16,$35.19
08/21/2019,$35.82,149677,$36.22,$36.7682,$35.50
08/20/2019,$35.69,148914,$36.00,$36.00,$35.27
08/19/2019,$36.21,290306,$35.41,$36.66,$35.16
08/16/2019,$35.08,351778,$34.39,$35.92,$34.16
08/15/2019,$33.90,426211,$34.98,$35.36,$33.87
08/14/2019,$35.37,417089,$36.97,$38.23,$35.20
08/13/2019,$38.01,320253,$37.46,$38.92,$37.08
08/12/2019,$37.42,353646,$38.78,$38.83,$37.15
08/09/2019,$38.99,375640,$39.39,$39.808,$38.60
08/08/2019,$39.67,954440,$40.00,$41.70,$37.61
08/07/2019,$40.68,287166,$40.04,$40.90,$39.91
08/06/2019,$40.45,276731,$41.79,$42.11,$40.02
08/05/2019,$41.00,318190,$42.00,$42.25,$40.34
08/02/2019,$43.19,316992,$44.19,$45.195,$42.48
08/01/2019,$44.42,353935,$46.50,$46.50,$44.03
07/31/2019,$46.03,423567,$45.61,$46.39,$45.37
07/30/2019,$45.40,317852,$44.99,$45.65,$44.67
07/29/2019,$45.29,296944,$45.29,$45.39,$44.14
07/26/2019,$45.25,307209,$44.09,$45.6408,$43.75
07/25/2019,$43.79,225466,$43.72,$44.565,$42.99
07/24/2019,$43.88,514166,$42.95,$44.39,$41.60
07/23/2019,$43.28,214751,$43.72,$43.72,$42.50
07/22/2019,$43.26,363636,$43.82,$44.46,$42.86
07/19/2019,$43.78,404819,$44.70,$44.81,$43.50
07/18/2019,$44.58,409041,$44.64,$45.23,$43.62
07/17/2019,$44.89,1137647,$48.17,$48.71,$44.57
07/16/2019,$48.11,221260,$47.76,$48.59,$47.36
07/15/2019,$47.85,227411,$47.83,$48.59,$47.79
07/12/2019,$47.92,166403,$47.92,$48.30,$47.14
07/11/2019,$47.70,253092,$49.02,$49.82,$46.96
07/10/2019,$49.02,250356,$50.76,$51.44,$48.90
07/09/2019,$50.40,130545,$50.17,$50.69,$49.87
07/08/2019,$50.68,132880,$51.08,$51.41,$50.62
07/05/2019,$51.43,112744,$50.42,$51.46,$49.51
07/03/2019,$51.01,162556,$50.24,$51.09,$50.04
07/02/2019,$49.78,159990,$50.32,$50.61,$49.22
07/01/2019,$50.50,266984,$51.19,$51.93,$50.06
06/28/2019,$50.22,449119,$48.77,$51.13,$48.64
06/27/2019,$48.45,265351,$47.53,$48.73,$47.31
06/26/2019,$47.17,197602,$47.60,$48.09,$46.98
06/25/2019,$47.15,282711,$48.18,$48.18,$46.52
06/24/2019,$48.33,548409,$47.96,$49.25,$47.885
06/21/2019,$47.67,1787305,$47.06,$47.76,$46.33
06/20/2019,$47.15,464369,$47.46,$48.45,$47.00
06/19/2019,$46.82,555685,$47.66,$47.8616,$46.00
06/18/2019,$47.54,819870,$47.43,$49.473,$47.26
06/17/2019,$46.65,3087343,$53.26,$53.26,$42.40
06/14/2019,$53.35,140629,$53.10,$53.705,$52.65
06/13/2019,$53.13,150686,$52.51,$53.67,$52.10
06/12/2019,$52.19,91122,$52.35,$52.48,$51.17
06/11/2019,$52.36,178750,$53.36,$53.44,$52.02
06/10/2019,$52.92,189322,$50.64,$52.98,$50.64
06/07/2019,$50.22,206616,$49.62,$51.05,$49.59
06/06/2019,$49.39,120200,$48.66,$49.50,$48.29
06/05/2019,$48.84,242383,$49.00,$49.62,$48.00
06/04/2019,$48.53,197457,$46.63,$48.60,$46.29
06/03/2019,$45.77,317689,$46.78,$47.31,$45.21
05/31/2019,$46.93,508643,$49.38,$49.50,$46.82
05/30/2019,$50.07,167297,$50.19,$50.83,$49.36
05/29/2019,$50.02,122780,$50.11,$50.34,$49.12
05/28/2019,$50.49,181835,$50.23,$51.47,$50.01
05/24/2019,$50.07,124750,$49.39,$50.32,$48.975
05/23/2019,$49.06,157251,$50.20,$50.20,$48.58
05/22/2019,$50.78,100649,$50.60,$51.20,$50.37
05/21/2019,$50.86,213342,$49.50,$50.94,$49.50
05/20/2019,$49.12,153519,$50.04,$50.37,$48.935
05/17/2019,$50.43,181698,$50.57,$51.32,$50.23
05/16/2019,$51.18,161139,$50.05,$51.66,$49.68
05/15/2019,$50.01,210159,$48.17,$50.25,$48.06
05/14/2019,$48.76,291463,$48.01,$48.82,$47.81
05/13/2019,$47.45,499811,$52.40,$52.43,$47.41
05/10/2019,$53.65,496148,$51.00,$53.935,$50.08
05/09/2019,$50.78,528432,$49.77,$50.9799,$48.25
05/08/2019,$47.85,371658,$48.23,$49.07,$47.34
05/07/2019,$48.33,238515,$50.19,$51.03,$48.05
05/06/2019,$50.84,255808,$50.01,$50.9184,$49.44
05/03/2019,$50.97,211071,$50.62,$51.29,$50.06
05/02/2019,$50.27,209020,$50.69,$50.73,$49.7425
05/01/2019,$50.91,397209,$50.51,$51.43,$50.27
04/30/2019,$50.48,145480,$50.25,$50.6395,$49.57
04/29/2019,$50.43,107558,$49.77,$50.78,$49.52
04/26/2019,$49.78,189153,$49.22,$50.39,$49.00
04/25/2019,$49.29,228914,$49.74,$49.83,$48.545
04/24/2019,$49.75,162797,$49.44,$50.02,$48.96
04/23/2019,$49.36,217943,$47.20,$49.96,$47.20
04/22/2019,$47.24,178346,$47.40,$48.00,$47.18
04/18/2019,$47.50,348690,$47.75,$47.85,$47.15
04/17/2019,$47.87,326812,$49.86,$49.86,$47.66
04/16/2019,$49.67,266006,$50.23,$50.47,$49.24
04/15/2019,$50.05,200798,$50.50,$50.69,$49.80
04/12/2019,$50.50,201591,$51.11,$51.34,$50.36
04/11/2019,$50.89,188899,$51.79,$52.70,$50.66
04/10/2019,$51.62,265146,$50.92,$52.12,$50.77
04/09/2019,$50.91,227470,$50.80,$51.40,$50.21
04/08/2019,$51.12,241377,$51.06,$51.38,$49.80
04/05/2019,$51.29,265337,$50.51,$51.76,$50.35
04/04/2019,$50.39,229059,$51.11,$51.89,$49.615
04/03/2019,$51.01,293627,$49.91,$51.45,$48.845
04/02/2019,$49.42,245098,$50.42,$50.66,$49.22
04/01/2019,$50.48,251181,$49.75,$50.82,$49.10
03/29/2019,$49.37,229160,$48.99,$49.72,$48.77
03/28/2019,$48.66,200008,$48.31,$48.78,$47.79
03/27/2019,$48.26,170470,$48.55,$48.8672,$47.09
03/26/2019,$48.67,243617,$48.50,$49.16,$48.01
03/25/2019,$48.20,341729,$47.66,$48.44,$46.63
03/22/2019,$47.92,406306,$50.32,$50.33,$47.89
03/21/2019,$50.76,264595,$50.32,$51.42,$50.14
03/20/2019,$50.33,344019,$51.67,$51.80,$49.69
03/19/2019,$51.80,294232,$51.90,$53.255,$51.56
03/18/2019,$51.59,195706,$52.01,$52.75,$51.475
03/15/2019,$51.78,576060,$50.57,$52.305,$50.17
03/14/2019,$50.50,172311,$50.69,$51.20,$50.2907
03/13/2019,$50.83,168556,$51.00,$51.28,$50.43
03/12/2019,$50.93,275999,$51.03,$51.39,$50.41
03/11/2019,$51.30,240913,$50.30,$51.55,$49.91
03/08/2019,$50.23,350988,$49.75,$50.53,$49.45
03/07/2019,$50.41,308218,$51.84,$52.04,$50.02
03/06/2019,$51.90,417204,$54.04,$54.18,$51.87
03/05/2019,$53.87,661076,$53.41,$54.20,$52.29
03/04/2019,$53.29,723297,$54.31,$54.79,$51.47
03/01/2019,$54.04,1437289,$63.89,$63.89,$53.56
02/28/2019,$58.27,409136,$59.00,$59.41,$58.10
02/27/2019,$58.90,370614,$60.58,$61.03,$58.56
02/26/2019,$60.85,353158,$60.74,$61.75,$60.19
02/25/2019,$60.72,498511,$59.52,$62.19,$59.21
02/22/2019,$59.01,377663,$59.19,$59.50,$58.09
02/21/2019,$58.85,122032,$58.95,$59.08,$58.07
02/20/2019,$59.04,217636,$58.70,$59.40,$58.47
02/19/2019,$58.58,155687,$58.25,$58.89,$57.71
02/15/2019,$58.57,236869,$58.15,$58.88,$57.66
02/14/2019,$58.01,221717,$57.19,$58.53,$55.80
02/13/2019,$57.41,224208,$57.15,$58.04,$56.43
02/12/2019,$56.97,139806,$56.60,$57.00,$56.20
02/11/2019,$56.03,175038,$56.04,$56.38,$55.48
02/08/2019,$56.03,355762,$57.17,$57.32,$54.78
02/07/2019,$57.09,212147,$57.00,$57.425,$56.18
02/06/2019,$57.41,311066,$58.66,$59.36,$57.39
02/05/2019,$58.64,233366,$58.65,$59.00,$58.06
02/04/2019,$58.05,258611,$56.48,$58.08,$56.18
02/01/2019,$56.34,388783,$57.13,$57.34,$55.86
01/31/2019,$57.12,340774,$56.00,$57.36,$55.72
01/30/2019,$56.12,404802,$55.63,$56.76,$55.35
01/29/2019,$55.43,360585,$54.31,$55.55,$53.49
01/28/2019,$54.46,212709,$53.11,$54.60,$52.68
01/25/2019,$53.50,206476,$53.21,$53.79,$52.98
01/24/2019,$52.74,183135,$52.07,$53.34,$52.07
01/23/2019,$52.17,335455,$51.81,$52.67,$50.95
01/22/2019,$51.52,477582,$54.01,$54.30,$51.13
01/18/2019,$54.29,804451,$52.43,$54.60,$51.55
01/17/2019,$52.11,917244,$49.32,$52.15,$49.22
01/16/2019,$49.67,231373,$49.21,$49.86,$48.84
01/15/2019,$48.62,346506,$48.83,$50.7372,$47.91
01/14/2019,$48.66,605285,$48.48,$50.66,$48.01
01/11/2019,$48.48,447178,$46.15,$48.94,$45.70
01/10/2019,$46.16,203414,$45.68,$46.73,$45.09
01/09/2019,$46.00,254762,$45.54,$46.28,$45.21
01/08/2019,$45.27,283833,$44.75,$45.63,$44.03
01/07/2019,$44.31,265059,$43.76,$44.49,$43.14
01/04/2019,$43.77,394556,$43.09,$44.68,$43.09
01/03/2019,$42.43,266089,$43.29,$44.21,$42.43
01/02/2019,$43.74,515484,$43.00,$44.43,$42.13
12/31/2018,$42.56,464182,$44.24,$44.67,$42.06
12/28/2018,$43.92,305974,$43.99,$45.05,$43.03
12/27/2018,$43.79,318475,$43.08,$43.9131,$41.96
12/26/2018,$43.79,358339,$41.05,$43.96,$41.05
12/24/2018,$40.89,261002,$40.50,$41.90,$39.70
12/21/2018,$40.38,1149605,$41.55,$42.34,$39.27
12/20/2018,$41.30,557681,$42.48,$42.76,$40.3251
12/19/2018,$42.47,392715,$43.83,$44.85,$42.28
12/18/2018,$43.80,337874,$43.75,$44.81,$43.47
12/17/2018,$43.33,501579,$43.21,$43.98,$42.13
12/14/2018,$43.41,432836,$44.66,$45.57,$43.08
12/13/2018,$45.08,571976,$45.57,$47.03,$44.62
12/12/2018,$45.48,583356,$45.39,$47.30,$44.85
12/11/2018,$44.90,707223,$48.49,$49.04,$44.58
12/10/2018,$47.92,423152,$47.15,$48.25,$46.34
12/07/2018,$47.14,529075,$46.97,$48.38,$46.92
12/06/2018,$46.89,615367,$44.67,$47.03,$44.20
12/04/2018,$45.38,639489,$47.61,$47.9829,$45.21
12/03/2018,$47.63,1086068,$46.12,$48.0585,$44.41
11/30/2018,$47.22,531067,$46.81,$47.70,$45.56
11/29/2018,$46.98,501101,$47.23,$48.4273,$44.9609
11/28/2018,$47.25,750152,$46.09,$47.36,$45.78
11/27/2018,$46.10,589995,$49.36,$49.36,$45.25
11/26/2018,$49.54,523948,$49.20,$49.58,$48.47
11/23/2018,$48.74,99603,$48.25,$49.74,$48.25
11/21/2018,$48.60,222560,$48.34,$49.81,$47.9401
11/20/2018,$47.84,1165713,$48.50,$50.28,$47.84
11/19/2018,$48.40,399016,$51.50,$51.57,$47.91
11/16/2018,$51.61,578236,$49.40,$52.01,$48.96
11/15/2018,$49.75,603936,$49.96,$50.13,$48.40
11/14/2018,$50.15,464662,$51.89,$52.64,$50.08
11/13/2018,$51.08,264605,$51.92,$52.32,$50.76
11/12/2018,$51.61,347885,$52.51,$53.04,$51.49
11/09/2018,$52.76,574069,$52.80,$54.19,$51.70
11/08/2018,$52.96,1015619,$53.16,$56.3222,$50.58
11/07/2018,$55.09,452219,$54.73,$56.15,$54.26
11/06/2018,$55.24,257881,$54.79,$55.97,$54.46
11/05/2018,$55.06,368520,$55.92,$57.01,$54.84
11/02/2018,$56.17,271158,$56.16,$56.91,$55.05
