Date,Close/Last,Volume,Open,High,Low
11/1/2023,$30.51 ,23568310,$30.56 ,$31.08 ,$30.47 
10/31/2023,$30.56 ,42648190,$30.29 ,$30.82 ,$29.70 
10/30/2023,$30.55 ,33063530,$30.24 ,$30.68 ,$30.11 
10/27/2023,$30.11 ,33877110,$31.06 ,$31.13 ,$30.02 
10/26/2023,$31.16 ,27162700,$30.61 ,$31.37 ,$30.50 
10/25/2023,$30.73 ,28857900,$30.46 ,$31.00 ,$30.22 
10/24/2023,$30.43 ,26923790,$30.88 ,$31.03 ,$30.32 
10/23/2023,$30.84 ,29412070,$30.77 ,$31.39 ,$30.53 
10/20/2023,$30.65 ,39407900,$31.06 ,$31.11 ,$30.48 
10/19/2023,$31.19 ,26880290,$31.38 ,$31.50 ,$30.91 
10/18/2023,$31.41 ,30307590,$32.54 ,$32.68 ,$31.39 
10/17/2023,$32.75 ,40015850,$33.00 ,$33.19 ,$32.20 
10/16/2023,$33.27 ,63317430,$32.83 ,$33.92 ,$32.56 
10/13/2023,$32.11 ,32675090,$32.94 ,$32.99 ,$32.02 
10/12/2023,$32.92 ,21809860,$33.11 ,$33.22 ,$32.77 
10/11/2023,$33.11 ,24221180,$33.24 ,$33.33 ,$32.82 
10/10/2023,$33.17 ,19212100,$33.08 ,$33.40 ,$33.01 
10/9/2023,$33.20 ,17468110,$33.06 ,$33.47 ,$32.77 
10/6/2023,$33.13 ,23760440,$33.52 ,$33.56 ,$33.07 
10/5/2023,$33.47 ,21279410,$33.45 ,$33.78 ,$33.05 
10/4/2023,$33.31 ,23722340,$33.94 ,$34.08 ,$33.01 
10/3/2023,$33.90 ,31059920,$33.84 ,$34.11 ,$33.71 
10/2/2023,$33.94 ,44620600,$32.95 ,$33.96 ,$32.76 
9/29/2023,$33.17 ,42421450,$32.35 ,$33.23 ,$32.30 
9/28/2023,$32.09 ,28197590,$32.06 ,$32.32 ,$31.77 
9/27/2023,$32.10 ,26430110,$32.43 ,$32.50 ,$31.90 
9/26/2023,$32.40 ,26015470,$32.72 ,$32.96 ,$32.36 
9/25/2023,$32.98 ,19443660,$32.69 ,$32.98 ,$32.41 
9/22/2023,$32.69 ,28570750,$33.08 ,$33.09 ,$32.50 
9/21/2023,$32.85 ,26988900,$33.47 ,$33.59 ,$32.83 
9/20/2023,$33.62 ,24651410,$34.08 ,$34.09 ,$33.55 
9/19/2023,$33.99 ,30323330,$33.55 ,$34.01 ,$33.52 
9/18/2023,$33.64 ,25421950,$34.12 ,$34.12 ,$33.44 
9/15/2023,$34.07 ,58063840,$34.06 ,$34.42 ,$33.81 
9/14/2023,$34.15 ,23759870,$34.24 ,$34.38 ,$33.98 
9/13/2023,$34.08 ,23853310,$34.21 ,$34.62 ,$34.00 
9/12/2023,$34.15 ,17987160,$33.97 ,$34.21 ,$33.75 
9/11/2023,$33.94 ,27574390,$34.24 ,$34.30 ,$33.54 
9/8/2023,$34.25 ,19483290,$34.23 ,$34.39 ,$34.05 
9/7/2023,$34.28 ,26777740,$34.47 ,$34.64 ,$34.04 
9/6/2023,$34.37 ,35370150,$35.26 ,$35.28 ,$34.26 
9/5/2023,$35.38 ,25856120,$35.96 ,$36.29 ,$35.35 
9/1/2023,$35.78 ,17522540,$35.64 ,$36.06 ,$35.60 
8/31/2023,$35.38 ,27919460,$35.94 ,$35.99 ,$35.38 
8/30/2023,$35.90 ,16833020,$36.18 ,$36.25 ,$35.82 
8/29/2023,$36.15 ,21076490,$36.26 ,$36.94 ,$36.00 
8/28/2023,$36.21 ,15101950,$36.44 ,$36.52 ,$36.03 
8/25/2023,$36.38 ,16421290,$36.14 ,$36.69 ,$35.96 
8/24/2023,$36.16 ,19380830,$36.48 ,$36.64 ,$36.06 
8/23/2023,$36.66 ,19370900,$37.09 ,$37.13 ,$36.56 
8/22/2023,$36.84 ,18536900,$37.01 ,$37.15 ,$35.72 
8/21/2023,$37.01 ,28496540,$36.71 ,$37.19 ,$36.64 
8/18/2023,$36.66 ,24145120,$36.45 ,$36.85 ,$36.32 
8/17/2023,$36.51 ,31113550,$35.60 ,$36.72 ,$35.59 
8/16/2023,$35.48 ,22215610,$35.14 ,$35.65 ,$35.00 
8/15/2023,$35.39 ,20484290,$35.88 ,$35.91 ,$35.36 
8/14/2023,$36.07 ,20295470,$35.82 ,$36.51 ,$35.82 
8/11/2023,$36.04 ,16609380,$35.62 ,$36.28 ,$35.59 
8/10/2023,$35.72 ,18955150,$35.82 ,$36.09 ,$35.60 
8/9/2023,$35.84 ,17210480,$35.60 ,$36.06 ,$35.51 
8/8/2023,$35.64 ,25225530,$36.37 ,$36.37 ,$35.39 
8/7/2023,$35.68 ,31069110,$35.01 ,$35.86 ,$34.90 
8/4/2023,$35.02 ,25746460,$34.95 ,$35.34 ,$34.66 
8/3/2023,$35.00 ,25687700,$35.18 ,$35.28 ,$34.92 
8/2/2023,$35.35 ,34301640,$35.63 ,$35.89 ,$35.28 
8/1/2023,$35.61 ,40951970,$35.88 ,$36.92 ,$35.37 
7/31/2023,$36.06 ,40265240,$36.18 ,$36.19 ,$35.92 
7/28/2023,$36.07 ,24054070,$36.35 ,$36.45 ,$36.02 
7/27/2023,$36.20 ,25346300,$36.85 ,$37.01 ,$36.18 
7/26/2023,$37.21 ,20983650,$36.87 ,$37.35 ,$36.76 
7/25/2023,$37.06 ,21770960,$37.40 ,$37.72 ,$37.05 
7/24/2023,$37.51 ,19414710,$37.41 ,$37.80 ,$37.37 
7/21/2023,$37.40 ,24149720,$36.80 ,$37.43 ,$36.80 
7/20/2023,$36.77 ,22358410,$36.40 ,$37.07 ,$36.36 
7/19/2023,$36.44 ,18589660,$36.34 ,$36.70 ,$36.21 
7/18/2023,$36.24 ,22817330,$35.92 ,$36.48 ,$35.88 
7/17/2023,$35.86 ,20557300,$36.12 ,$36.12 ,$35.78 
7/14/2023,$36.32 ,17915150,$36.30 ,$36.49 ,$36.01 
7/13/2023,$36.06 ,16664400,$36.01 ,$36.36 ,$35.92 
7/12/2023,$35.99 ,17229690,$36.20 ,$36.25 ,$35.92 
7/11/2023,$36.02 ,17731330,$35.64 ,$36.04 ,$35.62 
7/10/2023,$35.68 ,17777500,$35.57 ,$36.01 ,$35.54 
7/7/2023,$35.53 ,22903340,$35.52 ,$35.77 ,$35.35 
7/6/2023,$35.63 ,30214370,$36.20 ,$36.27 ,$35.62 
7/5/2023,$36.46 ,26829420,$36.58 ,$37.02 ,$36.39 
7/3/2023,$36.65 ,14115810,$36.50 ,$36.75 ,$36.35 
6/30/2023,$36.68 ,30867940,$36.21 ,$36.75 ,$36.14 
6/29/2023,$36.12 ,26284880,$35.99 ,$36.22 ,$35.76 
6/28/2023,$36.29 ,30062000,$36.50 ,$36.54 ,$36.03 
6/27/2023,$36.42 ,32414950,$36.96 ,$37.00 ,$36.28 
6/26/2023,$36.89 ,56135480,$37.02 ,$37.05 ,$36.16 
6/23/2023,$38.30 ,23492230,$38.71 ,$38.87 ,$38.28 
6/22/2023,$38.73 ,18047000,$38.94 ,$38.99 ,$38.41 
6/21/2023,$38.90 ,17982940,$39.20 ,$39.24 ,$38.76 
6/20/2023,$39.34 ,26881170,$39.71 ,$39.87 ,$39.33 
6/16/2023,$40.06 ,60338570,$39.86 ,$40.36 ,$39.85 
6/15/2023,$39.75 ,19905910,$39.41 ,$39.83 ,$39.28 
6/14/2023,$39.36 ,22056420,$40.32 ,$40.34 ,$39.32 
6/13/2023,$40.28 ,26533760,$39.67 ,$40.37 ,$39.45 
6/12/2023,$39.90 ,28340780,$39.01 ,$40.07 ,$38.99 
6/9/2023,$38.97 ,19777460,$39.28 ,$39.59 ,$38.87 
6/8/2023,$39.09 ,17353720,$39.04 ,$39.19 ,$38.73 
6/7/2023,$38.89 ,25295130,$38.35 ,$39.06 ,$38.13 
6/6/2023,$38.37 ,19508230,$38.81 ,$38.86 ,$38.29 
6/5/2023,$38.65 ,18392230,$38.48 ,$39.02 ,$38.47 
6/2/2023,$38.36 ,22736350,$38.25 ,$38.66 ,$38.16 
6/1/2023,$38.02 ,20256140,$38.12 ,$38.21 ,$37.70 
5/31/2023,$38.02 ,46166330,$37.10 ,$38.22 ,$36.87 
5/30/2023,$37.01 ,24371100,$37.36 ,$37.36 ,$36.92 
5/26/2023,$37.60 ,20234630,$38.04 ,$38.44 ,$37.56 
5/25/2023,$37.83 ,30266600,$38.51 ,$38.51 ,$37.65 
5/24/2023,$38.63 ,39326370,$40.10 ,$40.14 ,$38.60 
5/23/2023,$39.64 ,75379540,$38.55 ,$40.14 ,$38.00 
5/22/2023,$38.75 ,85718550,$36.86 ,$38.87 ,$36.75 
5/19/2023,$36.77 ,33068320,$36.65 ,$37.65 ,$36.52 
5/18/2023,$36.48 ,27772420,$36.71 ,$36.78 ,$36.17 
5/17/2023,$36.75 ,23206390,$36.98 ,$37.05 ,$36.51 
5/16/2023,$37.01 ,25451710,$37.02 ,$37.24 ,$36.83 
5/15/2023,$37.16 ,16650410,$37.30 ,$37.36 ,$37.01 
5/12/2023,$37.35 ,16541290,$37.61 ,$37.72 ,$37.23 
5/11/2023,$37.58 ,28566370,$37.60 ,$37.65 ,$37.21 
5/10/2023,$38.30 ,15858220,$38.67 ,$38.72 ,$38.08 
5/9/2023,$38.48 ,15987900,$38.48 ,$38.67 ,$38.39 
5/8/2023,$38.67 ,20101720,$38.53 ,$38.73 ,$38.35 
5/5/2023,$38.49 ,19225050,$38.38 ,$38.50 ,$38.09 
5/4/2023,$38.23 ,23675130,$38.17 ,$38.43 ,$38.02 
5/3/2023,$38.45 ,27721930,$39.20 ,$39.39 ,$38.36 
5/2/2023,$39.06 ,38834140,$39.29 ,$40.12 ,$38.63 
5/1/2023,$39.21 ,23917760,$39.00 ,$39.52 ,$38.86 
4/28/2023,$38.89 ,21015330,$38.70 ,$38.91 ,$38.62 
4/27/2023,$38.74 ,22434050,$38.62 ,$38.83 ,$38.31 
4/26/2023,$38.63 ,22401430,$39.16 ,$39.19 ,$38.40 
4/25/2023,$39.33 ,24492370,$39.75 ,$39.92 ,$39.29 
4/24/2023,$39.91 ,17633650,$40.19 ,$40.20 ,$39.71 
4/21/2023,$40.21 ,19227110,$40.09 ,$40.30 ,$39.91 
4/20/2023,$39.85 ,20131600,$40.08 ,$40.19 ,$39.79 
4/19/2023,$40.24 ,17214340,$40.43 ,$40.56 ,$40.20 
4/18/2023,$40.55 ,18541480,$41.28 ,$41.33 ,$40.53 
4/17/2023,$41.18 ,17608640,$41.12 ,$41.28 ,$40.96 
4/14/2023,$41.19 ,20627480,$41.51 ,$41.71 ,$40.93 
4/13/2023,$41.47 ,22880860,$41.53 ,$41.70 ,$41.30 
4/12/2023,$41.37 ,17035070,$41.63 ,$41.79 ,$41.27 
4/11/2023,$41.79 ,15304120,$41.80 ,$41.99 ,$41.70 
4/10/2023,$41.73 ,15137290,$41.15 ,$41.74 ,$41.12 
4/6/2023,$41.50 ,25931830,$41.93 ,$42.10 ,$41.37 
4/5/2023,$41.55 ,29697620,$41.29 ,$42.22 ,$41.17 
4/4/2023,$40.90 ,19514530,$41.44 ,$41.53 ,$40.76 
4/3/2023,$41.35 ,20817190,$40.69 ,$41.47 ,$40.65 
3/31/2023,$40.80 ,23393580,$40.55 ,$40.83 ,$40.28 
3/30/2023,$40.38 ,12634520,$40.42 ,$40.49 ,$40.25 
3/29/2023,$40.25 ,14429510,$40.16 ,$40.27 ,$39.99 
3/28/2023,$39.99 ,13537520,$40.20 ,$40.30 ,$39.86 
3/27/2023,$40.22 ,20262830,$40.54 ,$40.62 ,$39.97 
3/24/2023,$40.39 ,17221120,$40.09 ,$40.46 ,$39.87 
3/23/2023,$40.18 ,16958150,$40.17 ,$40.50 ,$40.00 
3/22/2023,$40.01 ,15444160,$40.70 ,$40.85 ,$39.99 
3/21/2023,$40.66 ,19981980,$40.86 ,$40.91 ,$40.31 
3/20/2023,$40.81 ,20825380,$40.14 ,$40.86 ,$39.94 
3/17/2023,$40.10 ,57457790,$40.63 ,$40.79 ,$39.99 
3/16/2023,$40.37 ,21100880,$40.06 ,$40.49 ,$39.72 
3/15/2023,$40.28 ,25498380,$39.76 ,$40.53 ,$39.46 
3/14/2023,$39.90 ,24583600,$40.05 ,$40.15 ,$39.52 
3/13/2023,$39.86 ,35299380,$39.26 ,$40.51 ,$39.26 
3/10/2023,$39.39 ,26328100,$39.29 ,$39.93 ,$39.23 
3/9/2023,$39.46 ,18585100,$40.41 ,$40.57 ,$39.31 
3/8/2023,$40.12 ,16756130,$40.32 ,$40.57 ,$39.91 
3/7/2023,$40.34 ,23205790,$41.06 ,$41.13 ,$40.10 
3/6/2023,$41.11 ,19434760,$41.09 ,$41.26 ,$40.82 
3/3/2023,$41.15 ,20922030,$40.91 ,$41.18 ,$40.74 
3/2/2023,$40.62 ,19112800,$40.06 ,$40.78 ,$39.81 
3/1/2023,$40.18 ,21104420,$40.56 ,$40.76 ,$40.14 
2/28/2023,$40.57 ,31086880,$40.50 ,$40.71 ,$40.09 
2/27/2023,$40.78 ,26370310,$41.44 ,$41.73 ,$40.73 
2/24/2023,$41.75 ,16806100,$42.03 ,$42.05 ,$41.51 
2/23/2023,$42.30 ,21104330,$42.29 ,$42.75 ,$42.22 
2/22/2023,$42.38 ,17394200,$42.72 ,$42.89 ,$42.31 
2/21/2023,$42.70 ,17356570,$42.81 ,$42.93 ,$42.62 
2/17/2023,$43.21 ,18293450,$42.89 ,$43.37 ,$42.58 
2/16/2023,$42.95 ,17832040,$43.15 ,$43.18 ,$42.77 
2/15/2023,$43.32 ,18999280,$43.42 ,$43.61 ,$43.11 
2/14/2023,$43.72 ,17506900,$44.09 ,$44.20 ,$43.58 
2/13/2023,$43.99 ,17878020,$43.68 ,$44.01 ,$43.51 
2/10/2023,$43.88 ,18619570,$43.50 ,$43.98 ,$43.26 
2/9/2023,$43.34 ,20809250,$44.12 ,$44.33 ,$43.24 
2/8/2023,$43.98 ,19362310,$43.55 ,$44.10 ,$43.53 
2/7/2023,$43.59 ,22999450,$43.82 ,$43.90 ,$43.25 
2/6/2023,$43.76 ,18071240,$44.19 ,$44.30 ,$43.73 
2/3/2023,$44.06 ,23741990,$44.36 ,$44.39 ,$43.88 
2/2/2023,$44.34 ,35279250,$43.63 ,$44.46 ,$43.50 
2/1/2023,$43.97 ,24482320,$43.91 ,$44.18 ,$43.41 
1/31/2023,$44.16 ,49722470,$43.00 ,$44.28 ,$42.70 
1/30/2023,$43.55 ,24402230,$43.79 ,$44.14 ,$43.40 
1/27/2023,$43.79 ,23798610,$44.22 ,$44.34 ,$43.78 
1/26/2023,$44.25 ,38465460,$44.20 ,$44.30 ,$43.61 
1/25/2023,$45.07 ,20827990,$45.03 ,$45.11 ,$44.59 
1/24/2023,$44.71 ,18853130,$44.92 ,$44.95 ,$44.15 
1/23/2023,$44.98 ,19398550,$45.04 ,$45.32 ,$44.82 
1/20/2023,$45.11 ,25197560,$45.28 ,$45.43 ,$44.73 
1/19/2023,$44.96 ,26614860,$44.72 ,$45.27 ,$44.64 
1/18/2023,$45.00 ,33834990,$45.55 ,$45.85 ,$44.97 
1/17/2023,$46.08 ,29391410,$46.54 ,$46.74 ,$45.71 
1/13/2023,$47.85 ,18737550,$47.50 ,$48.16 ,$47.49 
1/12/2023,$47.71 ,23345250,$47.27 ,$47.72 ,$46.58 
1/11/2023,$47.45 ,23022230,$47.70 ,$47.74 ,$46.86 
1/10/2023,$47.62 ,29212000,$48.35 ,$48.47 ,$47.38 
1/9/2023,$48.39 ,30839130,$50.05 ,$50.26 ,$48.31 
1/6/2023,$50.92 ,29635950,$49.98 ,$51.60 ,$49.56 
1/5/2023,$49.66 ,20057410,$49.73 ,$49.99 ,$48.92 
1/4/2023,$50.13 ,21808430,$50.29 ,$50.63 ,$49.52 
1/3/2023,$51.26 ,15603790,$51.01 ,$51.33 ,$50.82 
12/30/2022,$51.24 ,11396190,$51.29 ,$51.40 ,$50.75 
12/29/2022,$51.33 ,8971290,$51.02 ,$51.67 ,$50.99 
12/28/2022,$50.80 ,10053920,$51.05 ,$51.39 ,$50.75 
12/27/2022,$51.13 ,12033760,$51.86 ,$51.93 ,$51.05 
12/23/2022,$51.83 ,10666540,$51.56 ,$51.95 ,$51.24 
12/22/2022,$51.64 ,14824090,$51.41 ,$51.70 ,$50.95 
12/21/2022,$51.66 ,12925030,$51.61 ,$52.16 ,$51.20 
12/20/2022,$51.32 ,12433840,$51.21 ,$51.51 ,$50.84 
12/19/2022,$51.36 ,16081890,$51.52 ,$51.81 ,$50.70 
12/16/2022,$51.40 ,65689490,$53.01 ,$53.14 ,$51.40 
12/15/2022,$53.61 ,21630300,$54.07 ,$54.43 ,$53.40 
12/14/2022,$54.48 ,36260310,$53.14 ,$54.93 ,$52.90 
12/13/2022,$53.07 ,29461760,$53.10 ,$54.04 ,$52.88 
12/12/2022,$52.16 ,18532230,$52.12 ,$52.59 ,$51.75 
12/9/2022,$51.72 ,19933540,$51.75 ,$52.84 ,$51.63 
12/8/2022,$51.78 ,26116790,$50.18 ,$51.87 ,$50.02 
12/7/2022,$50.24 ,15929940,$49.75 ,$51.15 ,$49.75 
12/6/2022,$49.71 ,21787070,$50.67 ,$50.85 ,$49.18 
12/5/2022,$50.73 ,17959790,$50.91 ,$51.03 ,$50.35 
12/2/2022,$50.91 ,16881640,$50.56 ,$51.33 ,$50.48 
12/1/2022,$51.08 ,23592590,$50.31 ,$51.16 ,$50.28 
11/30/2022,$50.13 ,35572670,$49.64 ,$50.13 ,$49.04 
11/29/2022,$49.49 ,17160870,$49.50 ,$49.67 ,$49.10 
11/28/2022,$49.57 ,20704900,$49.18 ,$49.74 ,$49.06 
11/25/2022,$49.21 ,6760162,$48.93 ,$49.22 ,$48.84 
11/23/2022,$48.85 ,10710790,$48.96 ,$49.22 ,$48.52 
11/22/2022,$49.08 ,16358550,$48.34 ,$49.25 ,$48.24 
11/21/2022,$48.18 ,14735970,$48.10 ,$48.28 ,$47.72 
11/18/2022,$48.23 ,20666480,$48.64 ,$48.83 ,$47.87 
11/17/2022,$48.33 ,13237450,$47.80 ,$48.50 ,$47.53 
11/16/2022,$48.05 ,15822200,$48.80 ,$49.06 ,$48.05 
11/15/2022,$48.57 ,25440490,$49.34 ,$49.53 ,$48.18 
11/14/2022,$49.24 ,25876170,$47.99 ,$49.82 ,$47.93 
11/11/2022,$47.60 ,20909840,$47.07 ,$47.70 ,$46.31 
11/10/2022,$47.38 ,20480620,$47.53 ,$47.75 ,$46.85 
11/9/2022,$46.72 ,15348090,$47.16 ,$47.50 ,$46.70 
11/8/2022,$47.35 ,18054520,$47.04 ,$47.75 ,$46.75 
11/7/2022,$47.09 ,20304410,$47.16 ,$47.65 ,$46.75 
11/4/2022,$47.22 ,24528470,$47.47 ,$47.54 ,$46.61 
11/3/2022,$46.57 ,20124630,$46.36 ,$46.80 ,$46.16 
11/2/2022,$47.07 ,25813070,$47.77 ,$48.17 ,$46.95 
11/1/2022,$48.01 ,30614540,$48.00 ,$48.42 ,$47.40 
10/31/2022,$46.55 ,29961710,$47.08 ,$47.39 ,$46.54 
10/28/2022,$47.43 ,27854040,$45.98 ,$47.52 ,$45.93 
10/27/2022,$45.74 ,20377730,$45.81 ,$46.11 ,$45.68 
10/26/2022,$46.06 ,21413030,$45.92 ,$46.65 ,$45.62 
10/25/2022,$45.59 ,23126980,$45.27 ,$45.82 ,$44.89 
10/24/2022,$45.54 ,24971990,$45.08 ,$45.87 ,$44.99 
10/21/2022,$44.95 ,36575710,$43.31 ,$45.16 ,$42.99 
10/20/2022,$42.91 ,17714960,$43.27 ,$43.41 ,$42.82 
10/19/2022,$43.11 ,23054690,$43.91 ,$44.07 ,$42.74 
10/18/2022,$44.09 ,18442760,$44.05 ,$44.36 ,$43.62 
10/17/2022,$43.65 ,16678400,$43.19 ,$43.81 ,$43.19 
10/14/2022,$42.86 ,16983570,$42.89 ,$43.38 ,$42.36 
10/13/2022,$42.98 ,23135230,$41.76 ,$43.16 ,$41.70 
10/12/2022,$42.03 ,18803630,$42.09 ,$43.14 ,$41.92 
10/11/2022,$41.92 ,20981150,$41.66 ,$42.57 ,$41.45 
10/10/2022,$41.75 ,17888000,$42.35 ,$42.62 ,$41.75 
10/7/2022,$42.32 ,20095010,$43.05 ,$43.05 ,$41.92 
10/6/2022,$43.09 ,22068160,$43.76 ,$43.78 ,$43.04 
10/5/2022,$44.12 ,15673440,$44.12 ,$44.37 ,$43.68 
10/4/2022,$44.46 ,28198850,$44.25 ,$44.84 ,$44.09 
10/3/2022,$44.14 ,22834280,$44.07 ,$44.28 ,$43.49 
9/30/2022,$43.76 ,22962290,$44.17 ,$44.61 ,$43.73 
9/29/2022,$44.16 ,13559860,$44.41 ,$44.62 ,$43.95 
9/28/2022,$44.43 ,16532560,$44.67 ,$44.81 ,$44.22 
9/27/2022,$44.09 ,21562670,$44.22 ,$44.58 ,$43.74 
9/26/2022,$43.83 ,18680220,$43.81 ,$44.33 ,$43.67 
9/23/2022,$44.08 ,18871670,$44.44 ,$44.56 ,$43.58 
9/22/2022,$44.57 ,18508100,$43.67 ,$45.00 ,$43.52 
9/21/2022,$43.92 ,17505210,$44.81 ,$44.98 ,$43.90 
9/20/2022,$44.77 ,15369000,$45.00 ,$45.27 ,$44.44 
9/19/2022,$45.44 ,16256160,$45.68 ,$45.88 ,$44.78 
9/16/2022,$46.03 ,30629510,$46.09 ,$46.62 ,$45.64 
9/15/2022,$45.94 ,15801970,$46.11 ,$46.29 ,$45.70 
9/14/2022,$46.15 ,17162510,$46.20 ,$46.41 ,$45.78 
9/13/2022,$46.19 ,16603180,$47.13 ,$47.32 ,$46.02 
9/12/2022,$47.76 ,13744800,$48.08 ,$48.35 ,$47.69 
9/9/2022,$47.84 ,17509280,$47.20 ,$47.99 ,$47.10 
9/8/2022,$47.08 ,18271040,$46.02 ,$47.12 ,$45.87 
9/7/2022,$46.13 ,15378910,$45.70 ,$46.21 ,$45.38 
9/6/2022,$45.76 ,17153470,$45.96 ,$46.44 ,$45.53 
9/2/2022,$45.70 ,14667690,$46.74 ,$46.80 ,$45.53 
9/1/2022,$46.63 ,19947620,$45.14 ,$46.65 ,$45.14 
8/31/2022,$45.23 ,26416770,$46.01 ,$46.29 ,$45.13 
8/30/2022,$45.85 ,16303020,$46.34 ,$46.35 ,$45.80 
8/29/2022,$46.23 ,13400450,$46.38 ,$46.69 ,$46.12 
8/26/2022,$46.82 ,16546730,$47.62 ,$47.96 ,$46.70 
8/25/2022,$47.90 ,14460000,$47.52 ,$47.95 ,$47.27 
8/24/2022,$47.43 ,15551470,$47.90 ,$48.01 ,$47.38 
8/23/2022,$48.01 ,16248860,$48.42 ,$48.52 ,$47.76 
8/22/2022,$48.90 ,13601210,$49.21 ,$49.40 ,$48.74 
8/19/2022,$49.15 ,15350200,$48.84 ,$49.45 ,$48.73 
8/18/2022,$48.58 ,18916320,$49.39 ,$49.52 ,$48.38 
8/17/2022,$49.27 ,13607170,$49.65 ,$49.86 ,$49.25 
8/16/2022,$49.86 ,12874770,$49.38 ,$50.18 ,$49.36 
8/15/2022,$49.75 ,15797760,$49.97 ,$50.07 ,$49.39 
8/12/2022,$50.11 ,25835470,$48.55 ,$50.39 ,$48.55 
8/11/2022,$48.29 ,44048790,$48.22 ,$49.13 ,$47.81 
8/10/2022,$49.95 ,17355140,$49.93 ,$50.05 ,$49.38 
8/9/2022,$49.78 ,12095590,$49.75 ,$50.11 ,$49.52 
8/8/2022,$49.57 ,16077440,$49.39 ,$49.81 ,$48.94 
8/5/2022,$49.27 ,16376600,$49.64 ,$49.97 ,$49.06 
8/4/2022,$49.86 ,17026270,$49.90 ,$50.05 ,$49.21 
8/3/2022,$49.86 ,16500080,$49.79 ,$50.07 ,$49.34 
8/2/2022,$49.69 ,17802020,$50.90 ,$51.47 ,$49.63 
8/1/2022,$50.61 ,19709860,$50.32 ,$51.30 ,$50.15 
7/29/2022,$50.51 ,25037900,$50.56 ,$50.71 ,$49.28 
7/28/2022,$50.72 ,38984890,$50.85 ,$52.33 ,$49.10 
7/27/2022,$51.95 ,19203520,$51.94 ,$52.25 ,$51.19 
7/26/2022,$52.30 ,16632510,$51.84 ,$52.85 ,$51.71 
7/25/2022,$51.77 ,12995820,$51.34 ,$51.88 ,$51.34 
7/22/2022,$51.23 ,10932120,$51.26 ,$51.53 ,$50.95 
7/21/2022,$51.12 ,15103830,$50.57 ,$51.14 ,$50.18 
7/20/2022,$50.82 ,12774400,$51.39 ,$51.46 ,$50.51 
7/19/2022,$51.37 ,13402110,$51.04 ,$51.51 ,$50.61 
7/18/2022,$50.75 ,15742860,$51.96 ,$51.97 ,$50.52 
7/15/2022,$51.75 ,19885710,$51.04 ,$51.91 ,$50.43 
7/14/2022,$51.39 ,14023840,$50.75 ,$51.59 ,$50.63 
7/13/2022,$51.79 ,12927320,$51.86 ,$52.31 ,$51.51 
7/12/2022,$52.04 ,14633530,$52.69 ,$52.78 ,$51.71 
7/11/2022,$52.89 ,12924940,$53.00 ,$53.74 ,$52.75 
7/8/2022,$53.17 ,11322700,$53.05 ,$53.92 ,$52.76 
7/7/2022,$53.42 ,17847630,$52.95 ,$53.54 ,$52.79 
7/6/2022,$52.75 ,21305530,$51.64 ,$52.96 ,$51.58 
7/5/2022,$51.64 ,18407850,$51.75 ,$51.89 ,$50.40 
7/1/2022,$52.31 ,16143270,$52.04 ,$52.37 ,$51.25 
6/30/2022,$52.43 ,33495730,$51.69 ,$52.89 ,$51.09 
6/29/2022,$50.94 ,13925670,$50.73 ,$51.44 ,$50.66 
6/28/2022,$50.66 ,16458770,$51.83 ,$51.97 ,$50.41 
6/27/2022,$51.88 ,16154270,$51.48 ,$52.23 ,$51.26 
6/24/2022,$51.59 ,24343180,$50.65 ,$51.64 ,$50.30 
6/23/2022,$50.09 ,20061650,$49.23 ,$50.17 ,$48.98 
6/22/2022,$49.07 ,20384880,$48.03 ,$49.58 ,$47.77 
6/21/2022,$48.11 ,19622150,$47.32 ,$48.44 ,$46.95 
6/17/2022,$46.53 ,45047690,$47.38 ,$48.03 ,$46.28 
6/16/2022,$47.48 ,20424510,$47.69 ,$48.00 ,$47.06 
6/15/2022,$48.51 ,25748000,$47.88 ,$48.98 ,$47.18 
6/14/2022,$47.92 ,23290330,$47.75 ,$48.47 ,$47.22 
6/13/2022,$47.91 ,26988990,$48.82 ,$49.28 ,$47.71 
6/10/2022,$49.97 ,23832190,$51.31 ,$51.37 ,$49.95 
6/9/2022,$51.78 ,17578110,$53.27 ,$53.65 ,$51.70 
6/8/2022,$53.47 ,12789800,$54.06 ,$54.56 ,$53.41 
6/7/2022,$53.96 ,15091190,$53.28 ,$53.97 ,$53.01 
6/6/2022,$53.26 ,16544400,$53.19 ,$53.72 ,$53.00 
6/3/2022,$53.20 ,18124960,$52.46 ,$53.53 ,$52.46 
6/2/2022,$52.68 ,21903360,$52.37 ,$52.74 ,$51.04 
6/1/2022,$52.37 ,17430570,$53.25 ,$53.28 ,$51.84 
5/31/2022,$53.04 ,66058200,$53.32 ,$53.50 ,$51.94 
5/27/2022,$53.91 ,21407510,$53.92 ,$54.41 ,$53.52 
5/26/2022,$53.99 ,23516310,$54.06 ,$54.92 ,$53.88 
5/25/2022,$53.71 ,24003920,$53.20 ,$54.05 ,$53.05 
5/24/2022,$53.41 ,26729780,$52.71 ,$53.61 ,$52.71 
5/23/2022,$52.88 ,24035840,$52.58 ,$53.70 ,$52.48 
5/20/2022,$52.47 ,31250360,$51.27 ,$52.70 ,$51.13 
5/19/2022,$50.65 ,19865520,$50.00 ,$50.89 ,$49.59 
5/18/2022,$50.40 ,22275990,$51.22 ,$51.42 ,$50.16 
5/17/2022,$51.34 ,19918200,$50.95 ,$51.52 ,$50.18 
5/16/2022,$50.67 ,19435570,$49.87 ,$51.05 ,$49.87 
5/13/2022,$49.92 ,22423690,$50.38 ,$50.79 ,$49.68 
5/12/2022,$50.39 ,33468440,$49.00 ,$50.43 ,$48.72 
5/11/2022,$49.45 ,29699500,$49.07 ,$50.24 ,$49.03 
5/10/2022,$49.49 ,27335890,$49.04 ,$49.90 ,$48.69 
5/9/2022,$48.64 ,25012350,$48.38 ,$49.17 ,$47.77 
5/6/2022,$49.04 ,19891430,$48.09 ,$49.22 ,$48.04 
5/5/2022,$48.45 ,28333000,$49.46 ,$49.55 ,$47.55 
5/4/2022,$49.66 ,28613660,$48.89 ,$49.87 ,$47.91 
5/3/2022,$49.29 ,33716940,$48.87 ,$50.04 ,$47.70 
5/2/2022,$48.34 ,36228410,$47.68 ,$48.76 ,$47.46 
4/29/2022,$49.07 ,28343300,$49.87 ,$50.34 ,$49.00 
4/28/2022,$50.51 ,28227720,$50.44 ,$50.77 ,$49.49 
4/27/2022,$49.74 ,25819240,$49.11 ,$49.91 ,$48.21 
4/26/2022,$49.03 ,25366480,$48.99 ,$50.25 ,$48.92 
4/25/2022,$48.95 ,27390590,$47.85 ,$49.19 ,$47.12 
4/22/2022,$48.13 ,22156800,$48.95 ,$49.10 ,$47.90 
4/21/2022,$49.11 ,19105580,$49.93 ,$50.01 ,$48.92 
4/20/2022,$49.75 ,24751800,$50.00 ,$50.16 ,$49.21 
4/19/2022,$50.18 ,33441510,$51.66 ,$51.88 ,$49.37 
4/18/2022,$51.84 ,17065050,$52.83 ,$53.11 ,$51.63 
4/14/2022,$53.12 ,17240120,$53.40 ,$53.91 ,$53.04 
4/13/2022,$53.10 ,15777810,$53.13 ,$53.82 ,$52.70 
4/12/2022,$53.11 ,22810730,$53.30 ,$53.93 ,$52.65 
4/11/2022,$53.93 ,22054310,$55.46 ,$56.32 ,$53.78 
4/8/2022,$55.17 ,24612250,$54.85 ,$55.58 ,$54.46 
4/7/2022,$55.16 ,36305670,$52.50 ,$55.41 ,$52.50 
4/6/2022,$52.87 ,31717520,$51.16 ,$53.09 ,$51.16 
4/5/2022,$51.24 ,21176710,$50.81 ,$52.15 ,$50.75 
4/4/2022,$50.94 ,20491540,$51.78 ,$51.87 ,$50.37 
4/1/2022,$51.57 ,19073140,$52.12 ,$52.16 ,$51.10 
3/31/2022,$51.77 ,26055230,$52.00 ,$52.88 ,$51.74 
3/30/2022,$52.44 ,27599650,$53.20 ,$53.72 ,$51.97 
3/29/2022,$52.74 ,39970030,$54.00 ,$54.08 ,$52.62 
3/28/2022,$53.28 ,21863710,$52.53 ,$53.56 ,$52.50 
3/25/2022,$52.78 ,17435470,$52.74 ,$53.25 ,$52.51 
3/24/2022,$52.59 ,25177480,$52.54 ,$52.85 ,$52.29 
3/23/2022,$52.19 ,29183690,$53.02 ,$53.50 ,$52.16 
3/22/2022,$53.04 ,32253610,$54.20 ,$54.32 ,$52.50 
3/21/2022,$54.19 ,34592460,$54.24 ,$55.30 ,$53.90 
3/18/2022,$54.51 ,51814970,$54.38 ,$55.00 ,$53.71 
3/17/2022,$54.24 ,30598580,$52.92 ,$54.25 ,$52.79 
3/16/2022,$52.92 ,29891420,$52.54 ,$53.27 ,$52.18 
3/15/2022,$52.21 ,30172130,$52.62 ,$52.92 ,$51.18 
3/14/2022,$52.25 ,42314540,$50.72 ,$52.91 ,$50.39 
3/11/2022,$50.27 ,33701930,$49.14 ,$50.90 ,$48.94 
3/10/2022,$49.20 ,24542340,$48.31 ,$49.29 ,$48.05 
3/9/2022,$48.75 ,24718920,$48.13 ,$49.22 ,$48.00 
3/8/2022,$47.44 ,32913300,$47.58 ,$48.42 ,$46.47 
3/7/2022,$47.98 ,33171300,$48.25 ,$48.84 ,$47.52 
3/4/2022,$48.65 ,33222900,$47.50 ,$48.77 ,$47.41 
3/3/2022,$47.83 ,30553340,$47.68 ,$48.59 ,$47.48 
3/2/2022,$47.70 ,36516150,$46.11 ,$47.93 ,$46.00 
3/1/2022,$45.75 ,29854510,$46.69 ,$47.14 ,$45.44 
2/28/2022,$46.94 ,35296050,$46.82 ,$47.17 ,$46.34 
2/25/2022,$47.72 ,31199190,$45.81 ,$48.03 ,$45.74 
2/24/2022,$45.96 ,44227350,$45.86 ,$46.76 ,$45.40 
2/23/2022,$46.87 ,25792980,$47.59 ,$48.16 ,$46.78 
2/22/2022,$47.53 ,34814810,$47.54 ,$48.31 ,$47.35 
2/18/2022,$48.53 ,26955310,$48.78 ,$49.52 ,$48.20 
2/17/2022,$48.90 ,21231670,$49.81 ,$49.96 ,$48.75 
2/16/2022,$49.68 ,27672590,$49.59 ,$50.78 ,$49.43 
2/15/2022,$49.79 ,29161060,$49.80 ,$50.04 ,$49.21 
2/14/2022,$49.80 ,42973120,$49.82 ,$50.50 ,$48.48 
2/11/2022,$50.78 ,34997790,$50.33 ,$51.24 ,$50.08 
2/10/2022,$50.60 ,34200600,$51.04 ,$51.37 ,$50.39 
2/9/2022,$51.47 ,38522210,$51.64 ,$51.72 ,$50.90 
2/8/2022,$51.70 ,67921970,$50.64 ,$51.80 ,$49.69 
2/7/2022,$53.21 ,32358540,$53.30 ,$53.58 ,$52.24 
2/4/2022,$53.00 ,24932160,$53.02 ,$53.43 ,$52.63 
2/3/2022,$53.38 ,22635800,$53.33 ,$53.89 ,$53.09 
2/2/2022,$53.86 ,32039350,$52.84 ,$54.13 ,$52.45 
2/1/2022,$53.07 ,27883330,$52.74 ,$53.16 ,$52.39 
1/31/2022,$52.69 ,38644580,$54.00 ,$54.14 ,$52.39 
1/28/2022,$54.33 ,28590400,$53.77 ,$54.67 ,$53.10 
1/27/2022,$53.37 ,36957200,$53.02 ,$54.58 ,$53.00 
1/26/2022,$53.01 ,39644850,$52.57 ,$53.62 ,$52.46 
1/25/2022,$52.54 ,43983170,$51.36 ,$52.84 ,$51.24 
1/24/2022,$51.54 ,59080740,$51.75 ,$52.06 ,$49.82 
1/21/2022,$52.79 ,41058970,$54.42 ,$54.87 ,$52.46 
1/20/2022,$54.05 ,35105320,$53.96 ,$54.52 ,$53.07 
1/19/2022,$53.54 ,27300370,$53.65 ,$54.49 ,$53.45 
1/18/2022,$54.11 ,35607020,$54.50 ,$54.55 ,$53.43 
1/14/2022,$54.95 ,27072550,$54.98 ,$55.38 ,$54.51 
1/13/2022,$55.54 ,28117940,$56.53 ,$56.75 ,$55.22 
1/12/2022,$56.65 ,27608530,$56.34 ,$57.16 ,$55.90 
1/11/2022,$56.69 ,33576630,$56.75 ,$57.43 ,$55.81 
1/10/2022,$56.24 ,34044650,$55.71 ,$56.26 ,$54.74 
1/7/2022,$55.72 ,27703370,$55.36 ,$55.77 ,$54.63 
1/6/2022,$54.84 ,37000390,$55.16 ,$55.63 ,$54.49 
1/5/2022,$55.63 ,52956420,$55.84 ,$56.44 ,$55.37 
1/4/2022,$54.53 ,66993080,$56.22 ,$56.43 ,$53.94 
1/3/2022,$56.65 ,57253150,$58.50 ,$58.55 ,$56.34 
12/31/2021,$59.05 ,28579620,$58.53 ,$59.80 ,$58.44 
12/30/2021,$58.40 ,24559000,$57.75 ,$58.74 ,$57.53 
12/29/2021,$57.58 ,26170220,$57.31 ,$58.03 ,$57.07 
12/28/2021,$58.01 ,36901700,$59.05 ,$59.45 ,$57.08 
12/27/2021,$59.20 ,27362580,$58.85 ,$59.38 ,$58.23 
12/23/2021,$58.71 ,39203200,$59.82 ,$60.08 ,$58.31 
12/22/2021,$59.55 ,62594920,$59.25 ,$60.59 ,$58.22 
12/21/2021,$58.95 ,63877880,$60.01 ,$60.04 ,$57.16 
12/20/2021,$61.02 ,55712220,$60.60 ,$61.71 ,$59.83 
12/17/2021,$59.48 ,104320200,$59.93 ,$61.19 ,$58.70 
12/16/2021,$61.25 ,75183650,$58.36 ,$61.43 ,$57.75 
12/15/2021,$58.80 ,75202910,$56.11 ,$58.92 ,$55.89 
12/14/2021,$55.54 ,48685670,$54.77 ,$55.95 ,$54.32 
12/13/2021,$55.20 ,54923240,$53.44 ,$55.73 ,$53.44 
12/10/2021,$52.78 ,26079360,$51.20 ,$52.85 ,$51.11 
12/9/2021,$52.08 ,38325660,$51.51 ,$52.85 ,$51.51 
12/8/2021,$51.40 ,37429200,$52.75 ,$53.08 ,$51.03 
12/7/2021,$51.72 ,41575440,$51.25 ,$52.50 ,$50.40 
12/6/2021,$51.48 ,53723980,$53.78 ,$53.89 ,$51.25 
12/3/2021,$54.27 ,37574770,$53.71 ,$54.41 ,$53.10 
12/2/2021,$53.04 ,46361740,$53.82 ,$55.08 ,$52.77 
12/1/2021,$54.68 ,59849360,$52.47 ,$55.17 ,$51.86 
11/30/2021,$53.73 ,64598390,$52.31 ,$54.46 ,$51.91 
11/29/2021,$52.40 ,72660760,$55.15 ,$55.70 ,$52.11 
11/26/2021,$54.00 ,66561300,$54.04 ,$54.94 ,$53.25 
11/24/2021,$50.89 ,18556750,$51.18 ,$51.33 ,$50.71 
11/23/2021,$51.08 ,24952590,$50.58 ,$51.45 ,$50.30 
11/22/2021,$51.20 ,27287940,$50.95 ,$51.47 ,$50.38 
11/19/2021,$50.80 ,47966180,$51.96 ,$52.84 ,$50.68 
11/18/2021,$51.41 ,32872570,$51.10 ,$51.71 ,$50.61 
11/17/2021,$50.87 ,36889770,$49.94 ,$51.09 ,$49.69 
11/16/2021,$49.60 ,31297220,$49.47 ,$50.16 ,$48.89 
11/15/2021,$49.65 ,27763220,$49.73 ,$50.10 ,$49.37 
11/12/2021,$49.73 ,27780570,$50.42 ,$50.49 ,$49.57 
11/11/2021,$50.18 ,42370390,$49.23 ,$50.50 ,$48.73 
11/10/2021,$49.02 ,42696200,$47.40 ,$49.21 ,$47.40 
11/9/2021,$47.30 ,29920440,$48.33 ,$48.38 ,$47.15 
11/8/2021,$48.33 ,57423270,$48.61 ,$48.79 ,$47.60 
11/5/2021,$48.61 ,173959100,$48.09 ,$48.81 ,$46.55 
11/4/2021,$43.85 ,38172540,$44.29 ,$44.47 ,$43.31 
11/3/2021,$44.82 ,44593140,$45.52 ,$45.99 ,$44.48 
11/2/2021,$45.45 ,69247980,$45.08 ,$46.04 ,$43.05 
11/1/2021,$43.64 ,32681520,$44.14 ,$44.29 ,$43.44 
10/29/2021,$43.74 ,30307490,$43.09 ,$43.83 ,$42.86 
10/28/2021,$43.18 ,18023410,$42.95 ,$43.67 ,$42.94 
10/27/2021,$42.97 ,22317480,$43.46 ,$43.56 ,$42.68 
10/26/2021,$43.56 ,29729050,$43.33 ,$43.76 ,$42.92 
10/25/2021,$43.15 ,22846240,$43.20 ,$43.24 ,$42.57 
10/22/2021,$43.16 ,17183010,$42.82 ,$43.19 ,$42.63 
10/21/2021,$42.86 ,22142320,$43.06 ,$43.09 ,$42.43 
10/20/2021,$42.80 ,22788280,$42.12 ,$43.11 ,$42.10 
10/19/2021,$42.09 ,17159790,$41.60 ,$42.20 ,$41.54 
10/18/2021,$41.32 ,21732990,$41.45 ,$41.70 ,$41.04 
10/15/2021,$41.49 ,23550340,$41.90 ,$42.03 ,$41.38 
10/14/2021,$41.67 ,17590310,$41.56 ,$41.96 ,$41.52 
10/13/2021,$41.42 ,28205720,$41.75 ,$41.91 ,$40.94 
10/12/2021,$41.85 ,16222300,$42.16 ,$42.21 ,$41.66 
10/11/2021,$42.06 ,11984160,$42.45 ,$42.62 ,$42.01 
10/8/2021,$42.45 ,12778600,$42.73 ,$42.91 ,$42.34 
10/7/2021,$42.74 ,19778300,$42.52 ,$42.96 ,$42.21 
10/6/2021,$42.02 ,30483840,$42.06 ,$42.20 ,$41.69 
10/5/2021,$42.32 ,19342560,$42.53 ,$42.79 ,$42.28 
10/4/2021,$42.42 ,28906550,$42.93 ,$43.35 ,$42.21 
10/1/2021,$42.93 ,38483000,$42.52 ,$43.10 ,$41.70 
9/30/2021,$43.01 ,21112580,$43.79 ,$44.05 ,$42.97 
9/29/2021,$43.53 ,18037240,$43.22 ,$43.69 ,$43.08 
9/28/2021,$43.04 ,28512220,$43.07 ,$43.28 ,$42.43 
9/27/2021,$43.57 ,19955900,$43.92 ,$44.13 ,$43.51 
9/24/2021,$43.94 ,16150750,$44.07 ,$44.41 ,$43.81 
9/23/2021,$44.19 ,19719170,$44.28 ,$44.72 ,$44.15 
9/22/2021,$43.95 ,22616740,$43.99 ,$44.39 ,$43.83 
9/21/2021,$43.92 ,23645590,$44.25 ,$44.73 ,$43.85 
9/20/2021,$44.20 ,41873020,$43.39 ,$44.65 ,$43.39 
9/17/2021,$43.89 ,56420690,$44.17 ,$44.46 ,$43.31 
9/16/2021,$44.47 ,22424170,$44.88 ,$44.99 ,$44.03 
9/15/2021,$44.77 ,28674630,$44.56 ,$45.37 ,$44.47 
9/14/2021,$44.71 ,24100220,$44.67 ,$45.26 ,$44.55 
9/13/2021,$44.58 ,37086230,$45.74 ,$45.83 ,$44.20 
9/10/2021,$45.59 ,20801500,$46.27 ,$46.35 ,$45.51 
9/9/2021,$46.03 ,21695320,$46.47 ,$46.72 ,$45.85 
9/8/2021,$46.51 ,15839630,$46.51 ,$46.79 ,$46.25 
9/7/2021,$46.75 ,26236850,$46.99 ,$47.50 ,$46.54 
9/3/2021,$46.84 ,20834760,$46.90 ,$47.03 ,$46.34 
9/2/2021,$46.84 ,26149360,$46.48 ,$46.87 ,$46.13 
9/1/2021,$46.04 ,32900110,$46.19 ,$46.26 ,$45.42 
8/31/2021,$46.07 ,34547830,$46.72 ,$47.14 ,$45.93 
8/30/2021,$46.76 ,25774350,$46.20 ,$47.16 ,$46.16 
8/27/2021,$46.60 ,32924520,$47.37 ,$47.50 ,$46.53 
8/26/2021,$47.38 ,29029320,$47.70 ,$48.16 ,$47.30 
8/25/2021,$47.51 ,51036770,$48.04 ,$48.28 ,$46.93 
8/24/2021,$48.38 ,52624050,$49.74 ,$50.05 ,$48.24 
8/23/2021,$49.93 ,88652380,$50.29 ,$51.36 ,$49.60 
8/20/2021,$48.72 ,35157540,$48.98 ,$49.73 ,$48.66 
8/19/2021,$48.80 ,57741570,$48.50 ,$49.96 ,$48.26 
8/18/2021,$49.31 ,88597980,$50.23 ,$51.86 ,$49.17 
8/17/2021,$50.42 ,68816990,$48.78 ,$50.49 ,$48.71 
8/16/2021,$48.91 ,38098080,$48.23 ,$48.97 ,$47.51 
8/13/2021,$48.48 ,35379190,$47.41 ,$48.50 ,$47.32 
8/12/2021,$47.24 ,29710230,$46.50 ,$47.40 ,$46.34 
8/11/2021,$46.31 ,50878190,$47.78 ,$48.08 ,$46.26 
8/10/2021,$48.19 ,81189410,$46.20 ,$48.57 ,$45.89 
8/9/2021,$45.98 ,32374260,$45.11 ,$46.03 ,$45.11 
8/6/2021,$45.07 ,20413040,$45.09 ,$45.31 ,$44.63 
8/5/2021,$45.06 ,23505420,$45.00 ,$45.14 ,$44.70 
8/4/2021,$45.19 ,43391240,$45.35 ,$45.80 ,$45.01 
8/3/2021,$45.68 ,45643260,$44.17 ,$45.86 ,$44.07 
8/2/2021,$43.96 ,43066940,$43.30 ,$44.14 ,$43.25 
7/30/2021,$42.81 ,24763340,$42.88 ,$43.19 ,$42.69 
7/29/2021,$42.79 ,29015020,$43.23 ,$43.30 ,$42.62 
7/28/2021,$43.45 ,53822450,$42.35 ,$43.74 ,$42.25 
7/27/2021,$42.10 ,32544070,$41.82 ,$42.20 ,$41.58 
7/26/2021,$41.81 ,23720030,$41.62 ,$41.94 ,$41.39 
7/23/2021,$41.68 ,21609210,$41.46 ,$41.83 ,$41.42 
7/22/2021,$41.47 ,18913310,$41.12 ,$41.55 ,$40.90 
7/21/2021,$41.02 ,27530230,$41.24 ,$41.24 ,$40.52 
7/20/2021,$41.05 ,48804130,$40.25 ,$41.71 ,$40.20 
7/19/2021,$40.15 ,29818360,$40.07 ,$40.35 ,$39.68 
7/16/2021,$40.35 ,24270380,$40.14 ,$40.35 ,$39.93 
7/15/2021,$40.09 ,20250800,$39.95 ,$40.19 ,$39.86 
7/14/2021,$39.95 ,15888560,$39.72 ,$40.03 ,$39.66 
7/13/2021,$39.65 ,12222050,$39.77 ,$39.80 ,$39.53 
7/12/2021,$39.76 ,24512950,$39.66 ,$40.25 ,$39.60 
7/9/2021,$39.61 ,21578730,$39.53 ,$40.10 ,$39.46 
7/8/2021,$39.25 ,23021180,$39.00 ,$39.32 ,$38.93 
7/7/2021,$39.35 ,17665150,$39.22 ,$39.36 ,$38.97 
7/6/2021,$39.29 ,18931870,$39.48 ,$39.65 ,$39.04 
7/2/2021,$39.73 ,16595890,$39.46 ,$39.83 ,$39.38 
7/1/2021,$39.56 ,20035910,$39.17 ,$39.63 ,$39.11 
6/30/2021,$39.16 ,21248070,$39.14 ,$39.27 ,$38.82 
6/29/2021,$39.10 ,14516570,$39.13 ,$39.29 ,$38.98 
6/28/2021,$39.12 ,19225690,$39.01 ,$39.21 ,$38.90 
6/25/2021,$38.98 ,22774350,$39.12 ,$39.41 ,$38.89 
6/24/2021,$39.19 ,13436550,$39.14 ,$39.35 ,$39.08 
6/23/2021,$39.05 ,22025360,$39.63 ,$39.66 ,$38.98 
6/22/2021,$39.61 ,15975950,$39.41 ,$39.69 ,$39.26 
6/21/2021,$39.42 ,19488050,$38.88 ,$39.48 ,$38.88 
6/18/2021,$38.81 ,37775910,$39.30 ,$39.44 ,$38.70 
6/17/2021,$39.48 ,19580120,$39.27 ,$39.59 ,$39.07 
6/16/2021,$39.30 ,19177550,$39.62 ,$39.84 ,$39.28 
6/15/2021,$39.59 ,20206870,$39.71 ,$39.84 ,$39.39 
6/14/2021,$39.63 ,23408340,$40.03 ,$40.07 ,$39.38 
6/11/2021,$40.15 ,21386920,$40.66 ,$40.67 ,$39.95 
6/10/2021,$40.68 ,42613730,$39.90 ,$40.72 ,$39.89 
6/9/2021,$39.81 ,29823960,$39.00 ,$39.84 ,$38.98 
6/8/2021,$38.85 ,18880310,$39.07 ,$39.11 ,$38.48 
6/7/2021,$38.99 ,24110730,$39.08 ,$39.60 ,$38.97 
6/4/2021,$39.15 ,19375320,$39.05 ,$39.50 ,$39.02 
6/3/2021,$38.97 ,17376290,$38.76 ,$39.04 ,$38.63 
6/2/2021,$38.79 ,19629040,$38.64 ,$38.93 ,$38.54 
6/1/2021,$38.50 ,23642430,$38.94 ,$39.00 ,$38.48 
5/28/2021,$38.73 ,16160960,$38.75 ,$39.02 ,$38.68 
5/27/2021,$38.65 ,38471250,$38.97 ,$39.18 ,$38.60 
5/26/2021,$38.92 ,28036450,$39.29 ,$39.30 ,$38.78 
5/25/2021,$39.33 ,25916300,$39.82 ,$39.86 ,$39.24 
5/24/2021,$39.81 ,16922320,$40.08 ,$40.14 ,$39.78 
5/21/2021,$39.95 ,21144780,$40.21 ,$40.60 ,$39.91 
5/20/2021,$40.12 ,18621080,$39.73 ,$40.25 ,$39.72 
5/19/2021,$39.83 ,20209530,$39.90 ,$39.90 ,$39.43 
5/18/2021,$40.05 ,15805530,$40.18 ,$40.35 ,$39.83 
5/17/2021,$40.11 ,18084740,$40.07 ,$40.40 ,$40.01 
5/14/2021,$40.02 ,18041050,$40.24 ,$40.32 ,$39.92 
5/13/2021,$40.10 ,25423780,$39.50 ,$40.28 ,$39.50 
5/12/2021,$39.69 ,26208610,$39.44 ,$39.92 ,$39.31 
5/11/2021,$39.35 ,30568570,$39.68 ,$40.07 ,$39.23 
5/10/2021,$39.86 ,30831870,$39.83 ,$40.28 ,$39.78 
5/7/2021,$39.58 ,33807760,$39.05 ,$39.87 ,$39.05 
5/6/2021,$39.19 ,54944940,$38.48 ,$39.23 ,$37.96 
5/5/2021,$39.97 ,54348360,$40.18 ,$41.09 ,$38.93 
5/4/2021,$39.95 ,52802170,$40.00 ,$40.17 ,$39.43 
5/3/2021,$39.83 ,46638580,$39.04 ,$39.84 ,$38.96 
4/30/2021,$38.65 ,28413180,$38.50 ,$38.90 ,$38.49 
4/29/2021,$38.60 ,23569410,$38.99 ,$39.00 ,$38.31 
4/28/2021,$38.81 ,21963320,$38.54 ,$38.94 ,$38.52 
4/27/2021,$38.45 ,19061460,$38.51 ,$38.61 ,$38.35 
4/26/2021,$38.68 ,19773360,$38.73 ,$38.74 ,$38.49 
4/23/2021,$38.66 ,24389820,$38.63 ,$38.83 ,$38.43 
4/22/2021,$38.64 ,33373610,$39.48 ,$39.50 ,$38.52 
4/21/2021,$39.53 ,29364990,$39.14 ,$39.67 ,$39.13 
4/20/2021,$39.03 ,26459370,$38.75 ,$39.24 ,$38.75 
4/19/2021,$38.93 ,30905060,$38.60 ,$38.96 ,$38.33 
4/16/2021,$38.57 ,52829480,$37.87 ,$38.70 ,$37.81 
4/15/2021,$37.60 ,24945790,$37.26 ,$37.74 ,$37.26 
4/14/2021,$37.17 ,23842890,$37.17 ,$37.38 ,$36.96 
4/13/2021,$37.16 ,33967420,$37.41 ,$37.65 ,$36.89 
4/12/2021,$36.97 ,29944900,$36.48 ,$37.04 ,$36.33 
4/9/2021,$36.60 ,31686710,$35.90 ,$36.81 ,$35.90 
4/8/2021,$35.96 ,18129440,$35.96 ,$36.15 ,$35.87 
4/7/2021,$35.91 ,21933830,$36.03 ,$36.24 ,$35.76 
4/6/2021,$36.05 ,20722930,$36.26 ,$36.40 ,$36.00 
4/5/2021,$36.28 ,22096890,$36.44 ,$36.57 ,$36.10 
4/1/2021,$36.30 ,21319860,$36.30 ,$36.45 ,$36.02 
3/31/2021,$36.23 ,26582690,$36.15 ,$36.43 ,$36.04 
3/30/2021,$36.11 ,26303300,$36.59 ,$36.63 ,$36.02 
3/29/2021,$36.62 ,27004770,$36.03 ,$36.74 ,$35.90 
3/26/2021,$36.25 ,27944460,$35.68 ,$36.29 ,$35.64 
3/25/2021,$35.67 ,24875300,$35.65 ,$35.79 ,$35.25 
3/24/2021,$35.61 ,22883390,$35.48 ,$35.93 ,$35.37 
3/23/2021,$35.36 ,27970480,$35.82 ,$35.93 ,$35.32 
3/22/2021,$36.00 ,25427460,$35.48 ,$36.01 ,$35.36 
3/19/2021,$35.53 ,48348880,$35.75 ,$35.82 ,$35.47 
3/18/2021,$35.77 ,24729770,$35.53 ,$35.97 ,$35.52 
3/17/2021,$35.79 ,42540080,$35.83 ,$35.96 ,$35.12 
3/16/2021,$35.83 ,25022390,$35.47 ,$35.86 ,$35.31 
3/15/2021,$35.41 ,21926050,$35.01 ,$35.43 ,$34.96 
3/12/2021,$34.94 ,16342440,$34.56 ,$34.98 ,$34.51 
3/11/2021,$34.71 ,24557860,$35.07 ,$35.12 ,$34.66 
3/10/2021,$34.93 ,33501780,$34.64 ,$35.14 ,$34.52 
3/9/2021,$34.45 ,25167100,$34.54 ,$34.85 ,$34.44 
3/8/2021,$34.35 ,24352300,$34.48 ,$34.87 ,$34.33 
3/5/2021,$34.39 ,30589930,$34.29 ,$34.55 ,$33.96 
3/4/2021,$34.20 ,45449560,$34.26 ,$35.09 ,$33.84 
3/3/2021,$34.39 ,46020160,$33.51 ,$34.45 ,$33.44 
3/2/2021,$33.51 ,27670390,$33.68 ,$33.89 ,$33.50 
3/1/2021,$33.69 ,30407770,$33.59 ,$33.93 ,$33.51 
2/26/2021,$33.49 ,41462750,$33.84 ,$33.90 ,$33.36 
2/25/2021,$33.82 ,37506090,$33.82 ,$34.11 ,$33.54 
2/24/2021,$33.75 ,30686120,$33.87 ,$34.05 ,$33.67 
2/23/2021,$33.91 ,37624170,$34.00 ,$34.19 ,$33.68 
2/22/2021,$34.26 ,34322490,$34.33 ,$34.37 ,$34.04 
2/19/2021,$34.44 ,28145260,$34.66 ,$34.68 ,$34.40 
2/18/2021,$34.56 ,24052520,$34.78 ,$34.88 ,$34.52 
2/17/2021,$34.89 ,26501080,$34.57 ,$35.00 ,$34.46 
2/16/2021,$34.69 ,28730340,$34.85 ,$34.86 ,$34.56 
2/12/2021,$34.72 ,25578650,$34.44 ,$34.95 ,$34.36 
2/11/2021,$34.43 ,30885170,$34.80 ,$34.81 ,$34.28 
2/10/2021,$34.74 ,29039860,$35.00 ,$35.08 ,$34.70 
2/9/2021,$34.97 ,30170180,$34.80 ,$35.06 ,$34.76 
2/8/2021,$34.82 ,31633900,$34.96 ,$35.01 ,$34.74 
2/5/2021,$34.92 ,31749590,$34.92 ,$35.08 ,$34.78 
2/4/2021,$34.89 ,34284900,$34.81 ,$35.08 ,$34.70 
2/3/2021,$34.84 ,38524230,$34.99 ,$35.29 ,$34.78 
2/2/2021,$34.99 ,84062440,$35.76 ,$35.78 ,$34.27 
2/1/2021,$35.80 ,40395810,$35.93 ,$36.19 ,$35.72 
1/29/2021,$35.90 ,60251860,$36.88 ,$36.88 ,$35.62 
1/28/2021,$35.86 ,39466710,$35.95 ,$36.33 ,$35.84 
1/27/2021,$36.24 ,50561180,$36.99 ,$37.04 ,$36.17 
1/26/2021,$37.31 ,27718700,$37.27 ,$37.60 ,$37.16 
1/25/2021,$37.28 ,31728460,$36.55 ,$37.29 ,$36.32 
1/22/2021,$36.55 ,26271160,$36.32 ,$36.83 ,$36.25 
1/21/2021,$36.48 ,33864110,$36.39 ,$36.59 ,$36.15 
1/20/2021,$36.50 ,35400060,$36.79 ,$36.81 ,$36.46 
1/19/2021,$36.73 ,33451280,$36.76 ,$37.00 ,$36.62 
1/15/2021,$36.70 ,34287820,$36.68 ,$36.78 ,$36.40 
1/14/2021,$36.75 ,30271990,$36.78 ,$36.96 ,$36.61 
1/13/2021,$36.86 ,31027870,$37.00 ,$37.17 ,$36.64 
1/12/2021,$37.18 ,47831080,$37.70 ,$37.79 ,$36.82 
1/11/2021,$37.77 ,47326590,$37.22 ,$37.83 ,$37.15 
1/8/2021,$37.13 ,33462370,$37.16 ,$37.53 ,$36.90 
1/7/2021,$37.06 ,27809480,$37.04 ,$37.15 ,$36.67 
1/6/2021,$36.87 ,34962510,$36.83 ,$37.48 ,$36.77 
1/5/2021,$37.19 ,29909380,$36.72 ,$37.37 ,$36.60 
1/4/2021,$36.81 ,33565680,$36.87 ,$36.94 ,$36.27 
12/31/2020,$36.81 ,30796520,$36.66 ,$36.92 ,$36.29 
12/30/2020,$36.74 ,24889850,$37.03 ,$37.24 ,$36.70 
12/29/2020,$37.05 ,23152070,$36.90 ,$37.20 ,$36.79 
12/28/2020,$36.82 ,26993690,$37.36 ,$37.58 ,$36.68 
12/24/2020,$37.27 ,14790140,$37.40 ,$37.57 ,$37.18 
12/23/2020,$37.44 ,36181990,$37.01 ,$37.65 ,$36.88 
12/22/2020,$36.74 ,34103900,$37.21 ,$37.33 ,$36.61 
12/21/2020,$37.38 ,40891840,$37.28 ,$37.40 ,$36.91 
12/18/2020,$37.68 ,60259180,$37.99 ,$38.09 ,$37.50 
12/17/2020,$38.03 ,52036390,$37.83 ,$38.12 ,$37.31 
12/16/2020,$37.84 ,56515270,$38.18 ,$38.47 ,$37.74 
12/15/2020,$38.71 ,66003270,$39.06 ,$39.18 ,$38.21 
12/14/2020,$39.21 ,94809750,$41.62 ,$41.66 ,$39.07 
12/11/2020,$41.12 ,60737030,$41.97 ,$42.07 ,$40.69 
12/10/2020,$41.73 ,57749200,$41.82 ,$42.22 ,$41.45 
12/9/2020,$41.85 ,86118490,$43.07 ,$43.08 ,$41.13 
12/8/2020,$42.56 ,87039310,$41.40 ,$42.77 ,$41.35 
12/7/2020,$41.25 ,48253740,$40.66 ,$41.40 ,$40.37 
12/4/2020,$40.34 ,35368130,$39.89 ,$40.45 ,$39.89 
12/3/2020,$40.09 ,68570060,$40.98 ,$41.03 ,$39.52 
12/2/2020,$40.80 ,84347480,$40.47 ,$41.41 ,$40.30 
12/1/2020,$39.41 ,72660820,$39.40 ,$40.50 ,$39.01 
11/30/2020,$38.31 ,65425880,$37.95 ,$38.80 ,$37.60 
11/27/2020,$37.23 ,25276960,$36.78 ,$37.26 ,$36.75 
11/25/2020,$36.53 ,26955800,$36.53 ,$36.56 ,$36.24 
11/24/2020,$36.60 ,42485260,$36.13 ,$36.74 ,$36.02 
11/23/2020,$36.52 ,43673120,$37.03 ,$37.09 ,$36.21 
11/20/2020,$36.70 ,60633850,$36.70 ,$37.31 ,$36.44 
11/19/2020,$36.19 ,43261830,$36.60 ,$36.63 ,$35.86 
11/18/2020,$36.32 ,63442680,$36.93 ,$37.42 ,$36.30 
11/17/2020,$36.04 ,46984500,$36.49 ,$36.50 ,$35.82 
11/16/2020,$36.49 ,71660460,$37.01 ,$37.10 ,$36.02 
11/13/2020,$37.75 ,38254930,$37.02 ,$37.78 ,$36.86 
11/12/2020,$36.70 ,44422020,$37.42 ,$37.48 ,$36.40 
11/11/2020,$37.63 ,55959200,$38.00 ,$39.29 ,$37.05 
11/10/2020,$37.81 ,75988340,$39.54 ,$39.63 ,$37.59 
11/9/2020,$38.32 ,218362300,$40.92 ,$41.04 ,$37.52 
11/6/2020,$35.58 ,22647720,$35.57 ,$35.89 ,$35.28 
11/5/2020,$35.57 ,32188800,$36.41 ,$36.46 ,$35.57 
11/4/2020,$36.49 ,38776610,$36.23 ,$37.26 ,$36.13 
11/3/2020,$35.37 ,20528080,$35.61 ,$35.80 ,$35.27 
11/2/2020,$35.41 ,20332670,$35.12 ,$35.43 ,$34.74 
10/30/2020,$34.68 ,24334780,$34.45 ,$34.73 ,$34.06 
10/29/2020,$34.49 ,26134100,$34.68 ,$34.84 ,$33.82 
10/28/2020,$34.65 ,32122870,$35.97 ,$36.29 ,$34.52 
10/27/2020,$36.59 ,34963530,$36.21 ,$37.26 ,$36.04 
10/26/2020,$37.07 ,32052300,$37.02 ,$37.16 ,$36.64 
10/23/2020,$37.32 ,28992330,$37.08 ,$37.42 ,$36.80 
10/22/2020,$36.59 ,18257720,$36.24 ,$36.72 ,$36.20 
10/21/2020,$36.24 ,18012250,$36.51 ,$36.61 ,$36.23 
10/20/2020,$36.65 ,21238010,$37.02 ,$37.04 ,$36.51 
10/19/2020,$36.95 ,30295370,$37.55 ,$37.97 ,$36.79 
10/16/2020,$37.10 ,40790770,$36.23 ,$37.26 ,$36.19 
10/15/2020,$35.73 ,15272510,$35.80 ,$35.91 ,$35.59 
10/14/2020,$36.03 ,20991130,$36.18 ,$36.46 ,$35.75 
10/13/2020,$36.07 ,20439460,$35.84 ,$36.29 ,$35.80 
10/12/2020,$35.99 ,18419240,$35.87 ,$36.34 ,$35.64 
10/9/2020,$35.96 ,22454880,$36.00 ,$36.28 ,$35.77 
10/8/2020,$36.06 ,16942530,$35.78 ,$36.34 ,$35.69 
10/7/2020,$35.65 ,21024710,$35.44 ,$35.77 ,$35.22 
10/6/2020,$35.36 ,23940630,$36.17 ,$36.20 ,$35.28 
10/5/2020,$35.92 ,18406110,$35.71 ,$36.05 ,$35.52 
10/2/2020,$35.56 ,20362170,$35.25 ,$35.83 ,$35.22 
10/1/2020,$35.55 ,21366560,$36.08 ,$36.25 ,$35.35 
9/30/2020,$35.87 ,21469910,$35.45 ,$36.13 ,$35.43 
9/29/2020,$35.36 ,12837610,$35.61 ,$35.72 ,$35.22 
9/28/2020,$35.57 ,14273520,$35.35 ,$35.75 ,$35.35 
9/25/2020,$35.24 ,13629630,$34.74 ,$35.34 ,$34.72 
9/24/2020,$34.95 ,19791160,$35.14 ,$35.23 ,$34.74 
9/23/2020,$35.19 ,21918880,$35.52 ,$35.56 ,$35.15 
9/22/2020,$35.43 ,21562860,$35.00 ,$35.51 ,$34.93 
9/21/2020,$35.21 ,25245660,$35.55 ,$35.66 ,$34.58 
9/18/2020,$35.80 ,30070830,$35.95 ,$36.23 ,$35.75 
9/17/2020,$35.99 ,16977610,$35.95 ,$36.14 ,$35.73 
9/16/2020,$35.95 ,21105950,$36.44 ,$36.47 ,$35.89 
9/15/2020,$36.13 ,20876430,$36.35 ,$36.51 ,$35.98 
9/14/2020,$36.18 ,28050840,$35.54 ,$36.69 ,$35.46 
9/11/2020,$35.26 ,22874070,$34.93 ,$35.30 ,$34.65 
9/10/2020,$34.85 ,20541460,$35.38 ,$35.50 ,$34.78 
9/9/2020,$35.36 ,26082110,$35.47 ,$35.82 ,$35.33 
9/8/2020,$35.12 ,25366950,$35.71 ,$35.79 ,$34.88 
9/4/2020,$35.54 ,25495480,$35.67 ,$35.80 ,$35.06 
9/3/2020,$35.58 ,34114580,$36.53 ,$36.65 ,$35.29 
9/2/2020,$36.36 ,27579440,$35.94 ,$36.46 ,$35.58 
9/1/2020,$36.05 ,34308750,$36.94 ,$36.97 ,$35.69 
8/31/2020,$36.94 ,28493800,$36.99 ,$37.16 ,$36.66 
8/28/2020,$37.06 ,31148500,$37.02 ,$37.20 ,$36.56 
8/27/2020,$37.01 ,21021430,$37.10 ,$37.14 ,$36.83 
8/26/2020,$37.19 ,22849790,$37.33 ,$37.41 ,$36.81 
8/25/2020,$37.54 ,24877810,$37.64 ,$37.69 ,$37.10 
8/24/2020,$37.97 ,23730490,$38.14 ,$38.16 ,$37.67 
8/21/2020,$38.00 ,24162380,$38.03 ,$38.12 ,$37.70 
8/20/2020,$37.85 ,20832540,$37.32 ,$37.92 ,$37.27 
8/19/2020,$37.40 ,14886180,$37.61 ,$37.74 ,$37.26 
8/18/2020,$37.50 ,10290720,$37.58 ,$37.59 ,$37.31 
8/17/2020,$37.49 ,16597950,$37.18 ,$37.54 ,$37.09 
8/14/2020,$37.20 ,12240280,$37.15 ,$37.53 ,$37.08 
8/13/2020,$37.31 ,14554050,$37.21 ,$37.32 ,$37.03 
8/12/2020,$37.47 ,18942910,$36.98 ,$37.68 ,$36.96 
8/11/2020,$36.94 ,20234240,$37.69 ,$37.71 ,$36.83 
8/10/2020,$37.53 ,18941740,$37.68 ,$37.79 ,$37.40 
8/7/2020,$37.58 ,21913900,$37.44 ,$37.75 ,$37.30 
8/6/2020,$37.41 ,19850150,$37.90 ,$38.22 ,$37.29 
8/5/2020,$37.58 ,23344230,$37.60 ,$37.66 ,$37.27 
8/4/2020,$37.53 ,27939810,$37.45 ,$37.81 ,$37.23 
8/3/2020,$37.49 ,29446340,$37.74 ,$37.79 ,$37.35 
7/31/2020,$37.61 ,27042690,$37.80 ,$37.88 ,$37.01 
7/30/2020,$37.87 ,30620340,$37.42 ,$38.06 ,$37.34 
7/29/2020,$38.38 ,35136310,$38.41 ,$38.56 ,$37.58 
7/28/2020,$38.14 ,53504650,$37.67 ,$38.45 ,$37.20 
7/27/2020,$36.69 ,26224220,$36.52 ,$36.90 ,$36.39 
7/24/2020,$36.81 ,32135190,$37.17 ,$37.29 ,$36.48 
7/23/2020,$37.54 ,56584040,$38.35 ,$38.53 ,$37.32 
7/22/2020,$37.69 ,86058380,$37.37 ,$37.86 ,$36.67 
7/21/2020,$35.86 ,22435440,$36.11 ,$36.24 ,$35.70 
7/20/2020,$35.68 ,34929470,$36.65 ,$36.77 ,$35.50 
7/17/2020,$35.43 ,22169380,$35.05 ,$35.51 ,$34.92 
7/16/2020,$34.80 ,17478030,$34.80 ,$34.84 ,$34.46 
7/15/2020,$34.92 ,24947340,$35.18 ,$35.19 ,$34.67 
7/14/2020,$34.44 ,31170910,$34.57 ,$34.62 ,$34.09 
7/13/2020,$34.42 ,53670890,$33.95 ,$34.92 ,$33.74 
7/10/2020,$33.07 ,23205940,$32.90 ,$33.27 ,$32.73 
7/9/2020,$32.71 ,19320450,$32.97 ,$33.12 ,$32.36 
7/8/2020,$32.99 ,23013830,$33.24 ,$33.60 ,$32.81 
7/7/2020,$33.26 ,23859570,$33.28 ,$33.58 ,$33.19 
7/6/2020,$33.73 ,25759950,$34.16 ,$34.20 ,$33.61 
7/2/2020,$33.73 ,42951530,$33.84 ,$34.06 ,$33.27 
7/1/2020,$32.98 ,69737240,$33.76 ,$33.76 ,$32.96 
6/30/2020,$31.96 ,24147740,$31.80 ,$32.14 ,$31.50 
6/29/2020,$31.90 ,22728940,$31.73 ,$31.93 ,$31.47 
6/26/2020,$31.32 ,39994340,$31.52 ,$31.55 ,$30.90 
6/25/2020,$31.59 ,26013890,$31.39 ,$31.65 ,$31.11 
6/24/2020,$31.46 ,29238790,$31.97 ,$31.99 ,$31.28 
6/23/2020,$32.03 ,35759420,$32.45 ,$32.50 ,$32.00 
6/22/2020,$32.36 ,22137130,$32.58 ,$32.61 ,$32.17 
6/19/2020,$32.67 ,41677040,$32.93 ,$32.98 ,$32.37 
6/18/2020,$32.49 ,30625130,$32.52 ,$32.72 ,$32.24 
6/17/2020,$32.80 ,26100380,$32.83 ,$33.00 ,$32.56 
6/16/2020,$32.65 ,52767540,$32.83 ,$33.19 ,$31.98 
6/15/2020,$32.61 ,34390400,$32.55 ,$32.96 ,$32.02 
6/12/2020,$32.99 ,35960620,$33.31 ,$33.34 ,$32.30 
6/11/2020,$32.55 ,59930390,$34.80 ,$34.88 ,$32.53 
6/10/2020,$35.11 ,28042860,$35.54 ,$35.63 ,$35.08 
6/9/2020,$35.39 ,20564600,$35.68 ,$35.83 ,$35.36 
6/8/2020,$35.77 ,28647210,$34.99 ,$35.78 ,$34.88 
6/5/2020,$35.18 ,34825150,$35.42 ,$35.67 ,$35.07 
6/4/2020,$35.20 ,25629390,$34.91 ,$35.47 ,$34.90 
6/3/2020,$35.35 ,36766620,$35.47 ,$35.59 ,$34.74 
6/2/2020,$35.35 ,40503660,$34.73 ,$35.35 ,$34.46 
6/1/2020,$34.66 ,73005890,$34.70 ,$34.93 ,$34.12 
5/29/2020,$37.33 ,46146290,$37.41 ,$37.56 ,$36.73 
5/28/2020,$37.32 ,21371030,$36.99 ,$37.57 ,$36.87 
5/27/2020,$36.57 ,24576970,$36.57 ,$36.69 ,$36.14 
5/26/2020,$36.65 ,22068380,$36.80 ,$37.02 ,$36.61 
5/22/2020,$36.66 ,14972720,$36.27 ,$36.68 ,$36.13 
5/21/2020,$36.42 ,16747790,$36.72 ,$36.80 ,$36.22 
5/20/2020,$36.78 ,16607440,$37.10 ,$37.34 ,$36.70 
5/19/2020,$36.83 ,18478350,$37.00 ,$37.16 ,$36.47 
5/18/2020,$37.21 ,21479180,$37.48 ,$37.59 ,$36.78 
5/15/2020,$36.91 ,24155590,$37.10 ,$37.31 ,$36.54 
5/14/2020,$37.07 ,21216780,$35.97 ,$37.10 ,$35.95 
5/13/2020,$36.22 ,23336670,$36.47 ,$36.58 ,$35.76 
5/12/2020,$36.52 ,18344690,$37.26 ,$37.38 ,$36.50 
5/11/2020,$37.24 ,24307820,$36.41 ,$37.35 ,$36.32 
5/8/2020,$36.38 ,18881730,$36.41 ,$36.54 ,$36.21 
5/7/2020,$36.13 ,31827420,$37.54 ,$37.62 ,$36.06 
5/6/2020,$37.64 ,22815410,$38.09 ,$38.13 ,$37.64 
5/5/2020,$37.64 ,22887970,$37.94 ,$37.98 ,$37.41 
5/4/2020,$36.77 ,18874290,$36.75 ,$37.07 ,$36.57 
5/1/2020,$36.79 ,21517920,$37.00 ,$37.09 ,$36.54 
4/30/2020,$37.50 ,27942070,$37.14 ,$37.64 ,$36.52 
4/29/2020,$37.26 ,25159860,$37.59 ,$37.68 ,$36.86 
4/28/2020,$37.06 ,33839410,$38.17 ,$38.34 ,$36.53 
4/27/2020,$37.47 ,22195480,$36.74 ,$37.67 ,$36.72 
4/24/2020,$36.54 ,16470040,$36.01 ,$36.59 ,$35.96 
4/23/2020,$35.86 ,19151220,$35.46 ,$36.56 ,$35.46 
4/22/2020,$35.43 ,19151900,$36.13 ,$36.17 ,$35.31 
4/21/2020,$34.82 ,22746950,$34.97 ,$35.12 ,$34.57 
4/20/2020,$35.27 ,21376250,$35.56 ,$36.08 ,$35.27 
4/17/2020,$36.08 ,23154490,$35.68 ,$36.17 ,$35.30 
4/16/2020,$35.07 ,19599070,$35.31 ,$35.44 ,$34.77 
4/15/2020,$35.16 ,20220330,$35.25 ,$35.41 ,$34.78 
4/14/2020,$35.62 ,20726120,$35.12 ,$35.80 ,$34.54 
4/13/2020,$34.35 ,17334100,$35.15 ,$35.17 ,$33.94 
4/9/2020,$34.59 ,29141340,$34.24 ,$34.96 ,$34.06 
4/8/2020,$33.82 ,24216280,$33.22 ,$34.02 ,$32.69 
4/7/2020,$32.85 ,22985140,$34.21 ,$34.38 ,$32.83 
4/6/2020,$33.79 ,38428060,$33.16 ,$34.11 ,$33.02 
4/3/2020,$32.88 ,31154950,$31.89 ,$33.13 ,$31.89 
4/2/2020,$32.13 ,25794020,$31.18 ,$32.26 ,$31.03 
4/1/2020,$31.03 ,25341170,$31.20 ,$31.55 ,$30.82 
3/31/2020,$31.90 ,27959540,$31.67 ,$32.26 ,$31.51 
3/30/2020,$31.93 ,28409430,$30.35 ,$32.11 ,$30.35 
3/27/2020,$30.20 ,36328620,$30.11 ,$31.02 ,$29.97 
3/26/2020,$31.03 ,41062990,$29.22 ,$31.27 ,$29.21 
3/25/2020,$29.08 ,42316200,$28.84 ,$30.03 ,$28.35 
3/24/2020,$29.03 ,42188610,$28.85 ,$29.37 ,$28.25 
3/23/2020,$27.85 ,50145210,$28.11 ,$28.91 ,$27.25 
3/20/2020,$28.36 ,49799760,$29.60 ,$29.98 ,$28.26 
3/19/2020,$29.73 ,56756050,$31.49 ,$31.52 ,$29.33 
3/18/2020,$31.63 ,41636580,$30.08 ,$31.88 ,$29.63 
3/17/2020,$31.44 ,51442680,$30.93 ,$31.91 ,$29.90 
3/16/2020,$29.50 ,48382420,$29.27 ,$31.56 ,$28.98 
3/13/2020,$31.97 ,57450720,$30.57 ,$32.14 ,$29.55 
3/12/2020,$29.34 ,59517500,$29.79 ,$31.28 ,$29.32 
3/11/2020,$31.45 ,62040670,$33.00 ,$33.12 ,$30.95 
3/10/2020,$33.81 ,38470900,$33.79 ,$33.88 ,$32.27 
3/9/2020,$33.00 ,40971380,$32.71 ,$33.91 ,$32.41 
3/6/2020,$34.23 ,38834140,$33.92 ,$34.38 ,$33.35 
3/5/2020,$34.66 ,33298160,$34.85 ,$35.36 ,$34.36 
3/4/2020,$35.58 ,36728840,$34.31 ,$35.64 ,$34.16 
3/3/2020,$33.53 ,43808820,$34.39 ,$34.97 ,$33.10 
3/2/2020,$34.09 ,39880880,$33.15 ,$34.16 ,$32.69 
2/28/2020,$32.67 ,62686930,$32.74 ,$33.18 ,$31.80 
2/27/2020,$33.33 ,52604250,$33.66 ,$34.91 ,$33.33 
2/26/2020,$33.94 ,45468730,$33.47 ,$34.42 ,$33.25 
2/25/2020,$33.17 ,39733260,$33.90 ,$33.96 ,$32.95 
2/24/2020,$33.89 ,36024000,$34.25 ,$34.60 ,$33.82 
2/21/2020,$34.92 ,30763980,$34.95 ,$35.01 ,$34.73 
2/20/2020,$35.04 ,40752450,$34.91 ,$35.25 ,$34.61 
2/19/2020,$35.41 ,16841540,$35.58 ,$35.68 ,$35.39 
2/18/2020,$35.50 ,17076730,$35.73 ,$35.84 ,$35.45 
2/14/2020,$35.69 ,19930520,$36.14 ,$36.21 ,$35.60 
2/13/2020,$36.10 ,20967450,$36.73 ,$36.73 ,$36.05 
2/12/2020,$36.89 ,21768830,$37.23 ,$37.33 ,$36.87 
2/11/2020,$37.23 ,15206160,$37.04 ,$37.27 ,$36.90 
2/10/2020,$36.96 ,18973820,$37.35 ,$37.36 ,$36.87 
2/7/2020,$37.19 ,20781400,$37.50 ,$37.53 ,$37.08 
2/6/2020,$37.40 ,19969440,$37.57 ,$37.63 ,$37.17 
2/5/2020,$37.31 ,27935390,$37.00 ,$37.70 ,$36.97 
2/4/2020,$36.84 ,29554950,$37.22 ,$37.38 ,$36.78 
2/3/2020,$36.66 ,19806430,$36.62 ,$37.18 ,$36.46 
1/31/2020,$36.40 ,32157500,$36.11 ,$36.61 ,$36.07 
1/30/2020,$36.23 ,30660870,$36.26 ,$36.33 ,$35.86 
1/29/2020,$36.73 ,32428430,$37.26 ,$37.52 ,$36.70 
1/28/2020,$37.28 ,66605680,$38.43 ,$38.60 ,$37.10 
1/27/2020,$39.26 ,30326360,$38.52 ,$39.52 ,$38.37 
1/24/2020,$38.92 ,32394390,$40.02 ,$40.05 ,$38.74 
1/23/2020,$39.79 ,25757790,$39.28 ,$39.91 ,$39.23 
1/22/2020,$39.28 ,17171030,$39.41 ,$39.50 ,$39.07 
1/21/2020,$39.43 ,21931430,$39.47 ,$39.74 ,$39.28 
1/17/2020,$39.60 ,21901270,$39.66 ,$39.89 ,$39.51 
1/16/2020,$39.70 ,15385560,$39.87 ,$39.88 ,$39.42 
1/15/2020,$39.75 ,22700040,$39.28 ,$39.95 ,$39.27 
1/14/2020,$39.17 ,19848820,$38.54 ,$39.18 ,$38.41 
1/13/2020,$38.52 ,14603990,$38.73 ,$38.88 ,$38.33 
1/10/2020,$38.60 ,20453120,$38.10 ,$38.73 ,$38.09 
1/9/2020,$38.01 ,20846670,$38.39 ,$38.39 ,$37.92 
1/8/2020,$38.18 ,15563490,$37.89 ,$38.34 ,$37.88 
1/7/2020,$37.88 ,19106670,$38.24 ,$38.25 ,$37.81 
1/6/2020,$38.00 ,14964450,$37.95 ,$38.12 ,$37.83 
1/3/2020,$38.05 ,14160530,$37.85 ,$38.36 ,$37.80 
1/2/2020,$38.26 ,15668510,$38.41 ,$38.46 ,$38.00 
12/31/2019,$38.30 ,14398890,$37.92 ,$38.32 ,$37.84 
12/30/2019,$38.03 ,10963330,$38.41 ,$38.53 ,$38.01 
12/27/2019,$38.43 ,9599858,$38.54 ,$38.73 ,$38.37 
12/26/2019,$38.49 ,8905914,$38.41 ,$38.68 ,$38.32 
12/24/2019,$38.40 ,4921941,$38.44 ,$38.55 ,$38.32 
12/23/2019,$38.43 ,16560690,$38.53 ,$38.62 ,$38.25 
12/20/2019,$38.35 ,55218400,$38.46 ,$38.65 ,$38.09 
12/19/2019,$38.09 ,22294740,$38.12 ,$38.27 ,$37.94 
12/18/2019,$38.01 ,25940190,$38.13 ,$38.19 ,$37.77 
12/17/2019,$38.02 ,27551730,$38.55 ,$38.55 ,$37.97 
12/16/2019,$38.26 ,22961940,$37.83 ,$38.51 ,$37.79 
12/13/2019,$37.47 ,15824100,$37.65 ,$37.81 ,$37.21 
12/12/2019,$37.67 ,12727850,$37.31 ,$37.75 ,$37.31 
12/11/2019,$37.36 ,14771740,$37.51 ,$37.70 ,$37.34 
12/10/2019,$37.61 ,18189080,$37.41 ,$37.71 ,$37.32 
12/9/2019,$37.46 ,14971280,$37.24 ,$37.52 ,$37.24 
12/6/2019,$37.43 ,12213370,$37.42 ,$37.65 ,$37.35 
12/5/2019,$37.17 ,12427320,$37.51 ,$37.51 ,$36.94 
12/4/2019,$37.28 ,13759220,$37.37 ,$37.40 ,$37.04 
12/3/2019,$37.19 ,19840010,$37.10 ,$37.34 ,$36.99 
12/2/2019,$37.43 ,14847390,$37.92 ,$37.93 ,$37.39 
11/29/2019,$37.65 ,9292076,$37.67 ,$38.00 ,$37.64 
11/27/2019,$37.76 ,18217970,$37.52 ,$37.84 ,$37.47 
11/26/2019,$37.43 ,32848100,$37.67 ,$37.72 ,$37.19 
11/25/2019,$37.81 ,29975890,$37.61 ,$38.00 ,$37.58 
11/22/2019,$37.47 ,24235310,$36.94 ,$37.54 ,$36.84 
11/21/2019,$36.89 ,19869700,$36.37 ,$37.09 ,$36.21 
11/20/2019,$36.22 ,18925730,$36.72 ,$36.84 ,$36.18 
11/19/2019,$36.81 ,25119180,$36.59 ,$36.83 ,$36.48 
11/18/2019,$36.38 ,17168330,$36.55 ,$36.60 ,$36.13 
11/15/2019,$36.44 ,34515590,$35.80 ,$36.63 ,$35.70 
11/14/2019,$35.73 ,23902490,$35.74 ,$35.93 ,$35.50 
11/13/2019,$35.78 ,24656690,$36.12 ,$36.12 ,$35.48 
11/12/2019,$36.14 ,12655830,$36.00 ,$36.25 ,$35.87 
11/11/2019,$36.10 ,11901530,$36.08 ,$36.17 ,$35.92 
11/8/2019,$36.22 ,25263680,$36.05 ,$36.32 ,$36.00 
11/7/2019,$36.08 ,21562920,$36.56 ,$36.73 ,$36.05 
11/6/2019,$36.76 ,17796690,$36.76 ,$36.88 ,$36.51 
11/5/2019,$36.64 ,20577300,$37.17 ,$37.24 ,$36.63 
11/4/2019,$37.17 ,16802450,$37.84 ,$37.87 ,$37.17 
11/1/2019,$37.53 ,18276270,$37.82 ,$38.06 ,$37.53 
10/31/2019,$37.51 ,23282650,$37.53 ,$37.71 ,$37.32 
10/30/2019,$37.61 ,20891280,$37.54 ,$37.95 ,$37.44 
10/29/2019,$37.35 ,30561660,$37.14 ,$37.89 ,$37.07 
10/28/2019,$36.44 ,24478530,$36.03 ,$36.64 ,$35.99 
10/25/2019,$35.94 ,16601240,$35.58 ,$36.05 ,$35.49 
10/24/2019,$35.57 ,19023140,$35.92 ,$36.01 ,$35.44 
10/23/2019,$35.94 ,13301360,$35.49 ,$35.95 ,$35.40 
10/22/2019,$35.61 ,13811980,$35.59 ,$35.87 ,$35.43 
10/21/2019,$35.64 ,12584650,$35.82 ,$35.85 ,$35.54 
10/18/2019,$35.64 ,13491210,$35.61 ,$35.87 ,$35.53 
10/17/2019,$35.64 ,14561580,$35.67 ,$35.98 ,$35.55 
10/16/2019,$35.52 ,13722060,$35.80 ,$35.92 ,$35.50 
10/15/2019,$35.68 ,14419740,$35.63 ,$35.91 ,$35.59 
10/14/2019,$35.48 ,8417230,$35.35 ,$35.53 ,$35.17 
10/11/2019,$35.30 ,17523660,$35.33 ,$35.76 ,$35.26 
10/10/2019,$34.98 ,11720790,$34.87 ,$35.20 ,$34.80 
10/9/2019,$34.89 ,12954610,$34.85 ,$35.08 ,$34.73 
10/8/2019,$34.63 ,14043170,$34.85 ,$35.07 ,$34.62 
10/7/2019,$35.02 ,11169120,$35.01 ,$35.44 ,$34.99 
10/4/2019,$35.12 ,17168060,$34.69 ,$35.17 ,$34.65 
10/3/2019,$34.65 ,21141350,$33.93 ,$34.67 ,$33.82 
10/2/2019,$33.92 ,21354500,$34.47 ,$34.48 ,$33.87 
10/1/2019,$34.63 ,20926780,$35.12 ,$35.21 ,$34.63 
9/30/2019,$35.12 ,16339380,$35.46 ,$35.49 ,$35.11 
9/27/2019,$35.40 ,16682900,$35.05 ,$35.52 ,$34.92 
9/26/2019,$34.97 ,16196050,$35.26 ,$35.42 ,$34.76 
9/25/2019,$35.09 ,19297120,$35.10 ,$35.53 ,$34.90 
9/24/2019,$35.20 ,22995230,$35.45 ,$35.76 ,$35.17 
9/23/2019,$35.42 ,16436350,$35.56 ,$35.77 ,$35.41 
9/20/2019,$35.86 ,43916810,$36.06 ,$36.41 ,$35.66 
9/19/2019,$35.69 ,16879320,$35.60 ,$35.94 ,$35.52 
9/18/2019,$35.56 ,18700050,$35.75 ,$35.89 ,$35.44 
9/17/2019,$35.68 ,21245860,$35.96 ,$35.97 ,$35.53 
9/16/2019,$36.00 ,18858710,$35.64 ,$36.18 ,$35.53 
9/13/2019,$36.08 ,22864870,$36.55 ,$36.75 ,$35.79 
9/12/2019,$36.44 ,15837120,$36.72 ,$36.77 ,$36.22 
9/11/2019,$36.57 ,16094090,$36.89 ,$36.91 ,$36.07 
9/10/2019,$36.54 ,30598400,$35.77 ,$36.54 ,$35.21 
9/9/2019,$36.00 ,23411400,$35.77 ,$36.01 ,$35.32 
9/6/2019,$35.68 ,19804040,$35.54 ,$35.74 ,$35.30 
9/5/2019,$35.52 ,20965750,$35.30 ,$35.66 ,$35.08 
9/4/2019,$35.02 ,19609210,$35.48 ,$35.58 ,$34.90 
9/3/2019,$35.31 ,25260980,$34.81 ,$35.47 ,$34.71 
8/30/2019,$34.75 ,17907310,$34.82 ,$34.92 ,$34.49 
8/29/2019,$34.53 ,18608620,$34.98 ,$34.98 ,$34.43 
8/28/2019,$34.29 ,24719580,$33.59 ,$34.36 ,$33.50 
8/27/2019,$33.57 ,23450020,$34.22 ,$34.30 ,$33.54 
8/26/2019,$34.06 ,16575360,$33.84 ,$34.07 ,$33.70 
8/23/2019,$33.57 ,26344200,$34.42 ,$34.55 ,$33.40 
8/22/2019,$34.29 ,16066550,$34.17 ,$34.44 ,$34.02 
8/21/2019,$34.08 ,18226250,$34.15 ,$34.33 ,$34.04 
8/20/2019,$33.83 ,18911770,$34.31 ,$34.37 ,$33.79 
8/19/2019,$34.39 ,20870280,$34.09 ,$34.52 ,$34.05 
8/16/2019,$33.87 ,28474670,$33.94 ,$34.22 ,$33.71 
8/15/2019,$33.70 ,29140090,$33.53 ,$33.80 ,$33.20 
8/14/2019,$33.47 ,36654090,$34.14 ,$34.19 ,$33.43 
8/13/2019,$34.41 ,43252420,$34.63 ,$35.00 ,$34.36 
8/12/2019,$34.59 ,41947530,$35.49 ,$35.50 ,$34.00 
8/9/2019,$35.53 ,24090750,$35.94 ,$36.00 ,$35.30 
8/8/2019,$36.04 ,22159760,$35.87 ,$36.12 ,$35.78 
8/7/2019,$35.76 ,30376860,$35.82 ,$35.96 ,$35.05 
8/6/2019,$36.12 ,30347060,$36.35 ,$36.47 ,$35.65 
8/5/2019,$36.13 ,43671850,$36.91 ,$36.98 ,$35.59 
8/2/2019,$37.14 ,27659960,$37.39 ,$37.67 ,$36.90 
8/1/2019,$37.39 ,48979980,$37.45 ,$37.75 ,$36.83 
7/31/2019,$37.97 ,53424450,$37.73 ,$38.78 ,$37.64 
7/30/2019,$37.92 ,90834600,$38.93 ,$39.33 ,$37.73 
7/29/2019,$40.52 ,61251570,$41.22 ,$42.03 ,$40.41 
7/26/2019,$42.12 ,19983200,$41.70 ,$42.20 ,$41.47 
7/25/2019,$41.71 ,16617530,$41.87 ,$42.03 ,$41.57 
7/24/2019,$41.92 ,17189560,$42.03 ,$42.03 ,$41.42 
7/23/2019,$42.12 ,18583350,$41.88 ,$42.26 ,$41.79 
7/22/2019,$41.86 ,11909040,$41.87 ,$42.05 ,$41.59 
7/19/2019,$41.81 ,22345910,$42.22 ,$42.24 ,$41.81 
7/18/2019,$42.09 ,13025670,$41.89 ,$42.09 ,$41.59 
7/17/2019,$41.78 ,15504260,$42.12 ,$42.22 ,$41.77 
7/16/2019,$41.88 ,18551650,$41.83 ,$42.00 ,$41.52 
7/15/2019,$41.79 ,19320590,$41.32 ,$41.81 ,$41.29 
7/12/2019,$41.44 ,31860490,$41.94 ,$42.02 ,$41.06 
7/11/2019,$42.01 ,36416970,$42.34 ,$42.58 ,$41.43 
7/10/2019,$43.07 ,14514760,$42.67 ,$43.11 ,$42.46 
7/9/2019,$42.39 ,13494600,$42.44 ,$42.81 ,$42.32 
7/8/2019,$42.32 ,22728000,$42.81 ,$42.88 ,$42.01 
7/5/2019,$42.93 ,17357990,$43.31 ,$43.35 ,$42.79 
7/3/2019,$43.40 ,9770042,$43.37 ,$43.56 ,$42.99 
7/2/2019,$43.22 ,15694440,$42.70 ,$43.22 ,$42.68 
7/1/2019,$42.78 ,20261720,$42.53 ,$42.89 ,$42.36 
6/28/2019,$42.34 ,37690860,$42.47 ,$42.73 ,$42.01 
6/27/2019,$42.45 ,20868070,$42.05 ,$42.58 ,$42.04 
6/26/2019,$42.02 ,38908280,$42.70 ,$42.81 ,$41.54 
6/25/2019,$42.77 ,26972680,$42.86 ,$43.29 ,$42.77 
6/24/2019,$42.77 ,23362710,$42.71 ,$42.91 ,$42.49 
6/21/2019,$42.69 ,36187090,$42.57 ,$43.01 ,$42.33 
6/20/2019,$42.62 ,22296620,$42.84 ,$43.12 ,$42.52 
6/19/2019,$42.52 ,20639150,$42.20 ,$42.60 ,$42.12 
6/18/2019,$42.10 ,21663640,$41.86 ,$42.35 ,$41.86 
6/17/2019,$41.91 ,13372840,$41.74 ,$41.93 ,$41.40 
6/14/2019,$41.80 ,12521890,$41.56 ,$41.90 ,$41.52 
6/13/2019,$41.54 ,13723000,$42.10 ,$42.17 ,$41.41 
6/12/2019,$42.11 ,15462130,$41.51 ,$42.20 ,$41.50 
6/11/2019,$41.71 ,17849360,$42.23 ,$42.32 ,$41.59 
6/10/2019,$42.10 ,14493060,$42.27 ,$42.27 ,$41.71 
6/7/2019,$41.95 ,18997930,$42.01 ,$42.27 ,$41.89 
6/6/2019,$41.75 ,23239280,$41.84 ,$42.11 ,$41.52 
6/5/2019,$41.52 ,20321550,$41.64 ,$41.87 ,$41.45 
6/4/2019,$41.28 ,17508280,$41.52 ,$41.79 ,$41.09 
6/3/2019,$40.98 ,21483020,$40.69 ,$41.24 ,$40.63 
5/31/2019,$40.58 ,21479470,$40.75 ,$41.03 ,$40.52 
5/30/2019,$40.96 ,16455660,$40.74 ,$41.00 ,$40.64 
5/29/2019,$40.78 ,25517870,$40.76 ,$40.90 ,$40.35 
5/28/2019,$40.96 ,46907900,$41.20 ,$41.52 ,$40.95 
5/24/2019,$41.00 ,14595230,$41.11 ,$41.35 ,$40.92 
5/23/2019,$40.98 ,24190000,$40.90 ,$41.03 ,$40.71 
5/22/2019,$41.04 ,23979960,$40.75 ,$41.26 ,$40.61 
5/21/2019,$40.73 ,27310300,$40.77 ,$40.87 ,$40.55 
5/20/2019,$40.65 ,23009070,$40.47 ,$40.77 ,$40.35 
5/17/2019,$40.54 ,27692390,$40.37 ,$40.87 ,$40.32 
5/16/2019,$40.70 ,24201580,$40.22 ,$41.03 ,$40.22 
5/15/2019,$40.22 ,31803420,$39.94 ,$40.36 ,$39.78 
5/14/2019,$39.74 ,25401050,$39.68 ,$39.95 ,$39.65 
5/13/2019,$39.66 ,26575850,$39.32 ,$39.73 ,$39.25 
5/10/2019,$39.80 ,16500820,$39.71 ,$39.90 ,$38.97 
5/9/2019,$39.72 ,18721470,$39.39 ,$39.92 ,$39.32 
5/8/2019,$40.03 ,22592120,$39.88 ,$40.11 ,$39.53 
5/7/2019,$39.91 ,26189630,$40.46 ,$40.77 ,$39.59 
5/6/2019,$40.71 ,24643090,$39.99 ,$40.83 ,$39.92 
5/3/2019,$40.46 ,17708530,$40.29 ,$40.56 ,$40.11 
5/2/2019,$40.09 ,19422380,$39.89 ,$40.10 ,$39.66 
5/1/2019,$39.85 ,19642680,$39.68 ,$40.00 ,$39.27 
4/30/2019,$39.70 ,32597970,$39.49 ,$40.25 ,$38.90 
4/29/2019,$38.70 ,22029410,$39.07 ,$39.12 ,$38.70 
4/26/2019,$39.07 ,19025110,$38.78 ,$39.09 ,$38.56 
4/25/2019,$38.72 ,17200470,$38.37 ,$38.93 ,$38.28 
4/24/2019,$38.48 ,20108180,$38.61 ,$38.75 ,$38.28 
4/23/2019,$38.53 ,25303730,$38.21 ,$38.75 ,$38.00 
4/22/2019,$38.10 ,29103550,$38.15 ,$38.61 ,$37.94 
4/18/2019,$38.49 ,47981580,$39.03 ,$39.03 ,$37.55 
4/17/2019,$38.98 ,40233970,$39.98 ,$40.08 ,$38.50 
4/16/2019,$40.00 ,26089260,$41.27 ,$41.35 ,$39.91 
4/15/2019,$41.14 ,17421930,$40.92 ,$41.17 ,$40.54 
4/12/2019,$40.77 ,20242660,$41.39 ,$41.39 ,$40.64 
4/11/2019,$41.32 ,19177900,$41.83 ,$41.87 ,$41.04 
4/10/2019,$41.77 ,12383770,$41.95 ,$41.95 ,$41.69 
4/9/2019,$41.87 ,17859480,$42.01 ,$42.03 ,$41.62 
4/8/2019,$42.17 ,14620820,$42.10 ,$42.31 ,$41.94 
4/5/2019,$42.02 ,14761780,$42.01 ,$42.31 ,$41.92 
4/4/2019,$41.78 ,12211510,$41.83 ,$41.94 ,$41.54 
4/3/2019,$41.87 ,15370280,$42.02 ,$42.10 ,$41.59 
4/2/2019,$41.94 ,17462580,$41.98 ,$42.21 ,$41.78 
4/1/2019,$41.87 ,18566610,$41.62 ,$41.97 ,$41.59 
3/29/2019,$41.51 ,20571010,$41.44 ,$41.62 ,$41.24 
3/28/2019,$41.34 ,16048870,$41.23 ,$41.41 ,$41.11 
3/27/2019,$41.07 ,18358360,$41.39 ,$41.68 ,$40.98 
3/26/2019,$41.46 ,19762470,$41.25 ,$41.74 ,$41.18 
3/25/2019,$40.95 ,18807720,$40.87 ,$41.20 ,$40.73 
3/22/2019,$40.91 ,18569610,$41.25 ,$41.66 ,$40.88 
3/21/2019,$41.40 ,23005460,$40.99 ,$41.68 ,$40.93 
3/20/2019,$41.22 ,22143950,$41.25 ,$41.44 ,$40.84 
3/19/2019,$41.35 ,24704470,$41.02 ,$41.47 ,$40.81 
3/18/2019,$40.87 ,18018760,$40.83 ,$41.12 ,$40.71 
3/15/2019,$40.84 ,70936240,$40.30 ,$40.94 ,$39.94 
3/14/2019,$40.26 ,29738640,$41.05 ,$41.13 ,$40.20 
3/13/2019,$41.06 ,21805020,$40.93 ,$41.18 ,$40.61 
3/12/2019,$40.79 ,22460650,$40.76 ,$40.98 ,$40.44 
3/11/2019,$40.57 ,27666030,$40.17 ,$40.58 ,$39.88 
3/8/2019,$39.97 ,29663170,$40.40 ,$40.51 ,$39.43 
3/7/2019,$40.46 ,27431820,$40.92 ,$40.95 ,$40.32 
3/6/2019,$40.92 ,21262170,$41.86 ,$41.90 ,$40.68 
3/5/2019,$41.92 ,21969510,$42.12 ,$42.28 ,$41.88 
3/4/2019,$42.10 ,21028280,$42.46 ,$42.61 ,$41.91 
3/1/2019,$42.38 ,25049950,$42.63 ,$42.80 ,$42.31 
2/28/2019,$42.37 ,33780780,$41.98 ,$42.79 ,$41.90 
2/27/2019,$41.96 ,15631010,$42.01 ,$42.25 ,$41.85 
2/26/2019,$42.05 ,15647220,$41.99 ,$42.26 ,$41.84 
2/25/2019,$42.11 ,23134790,$42.07 ,$42.39 ,$41.97 
2/22/2019,$41.99 ,23509190,$41.35 ,$42.15 ,$41.27 
2/21/2019,$41.19 ,17615940,$41.07 ,$41.37 ,$40.92 
2/20/2019,$41.25 ,25241630,$41.57 ,$41.60 ,$40.99 
2/19/2019,$41.64 ,23181190,$41.29 ,$41.89 ,$41.23 
2/15/2019,$41.44 ,17979620,$41.43 ,$41.55 ,$41.13 
2/14/2019,$41.02 ,18847250,$40.76 ,$41.17 ,$40.68 
2/13/2019,$40.76 ,22976540,$40.98 ,$41.11 ,$40.46 
2/12/2019,$40.93 ,28461620,$40.77 ,$41.06 ,$40.46 
2/11/2019,$40.74 ,22783540,$41.33 ,$41.36 ,$40.57 
2/8/2019,$41.28 ,26090130,$40.59 ,$41.29 ,$40.56 
2/7/2019,$40.76 ,22968900,$41.16 ,$41.20 ,$40.28 
2/6/2019,$41.38 ,15606030,$40.98 ,$41.42 ,$40.85 
2/5/2019,$41.16 ,20042400,$41.47 ,$41.77 ,$41.11 
2/4/2019,$41.48 ,18363930,$41.87 ,$41.87 ,$41.01 
2/1/2019,$41.91 ,25834490,$41.90 ,$42.15 ,$41.59 
1/31/2019,$41.49 ,38824600,$40.45 ,$41.66 ,$40.42 
1/30/2019,$40.64 ,34200820,$39.85 ,$40.81 ,$39.81 
1/29/2019,$39.85 ,48740190,$38.61 ,$39.93 ,$38.58 
1/28/2019,$38.64 ,37299430,$39.59 ,$39.62 ,$38.59 
1/25/2019,$39.72 ,34024060,$40.17 ,$40.32 ,$39.59 
1/24/2019,$40.03 ,32629400,$40.84 ,$40.85 ,$39.70 
1/23/2019,$41.21 ,23200650,$41.04 ,$41.25 ,$40.61 
1/22/2019,$41.32 ,26356480,$41.45 ,$41.73 ,$40.99 
1/18/2019,$41.57 ,36622750,$41.89 ,$41.91 ,$41.31 
1/17/2019,$41.51 ,22832060,$41.00 ,$41.70 ,$40.89 
1/16/2019,$41.16 ,28328190,$41.63 ,$41.83 ,$41.08 
1/15/2019,$41.77 ,24382500,$41.64 ,$42.27 ,$41.47 
1/14/2019,$41.42 ,16390950,$41.59 ,$41.67 ,$41.22 
1/11/2019,$41.91 ,19540890,$41.38 ,$41.91 ,$41.20 
1/10/2019,$41.36 ,37633240,$42.25 ,$42.26 ,$41.08 
1/9/2019,$42.36 ,18223180,$42.48 ,$42.69 ,$42.23 
1/8/2019,$42.45 ,18357990,$42.58 ,$42.72 ,$42.18 
1/7/2019,$42.26 ,19414520,$42.10 ,$42.64 ,$41.89 
1/4/2019,$42.03 ,25446060,$41.48 ,$42.37 ,$41.30 
1/3/2019,$41.09 ,27225970,$42.27 ,$42.36 ,$41.00 
1/2/2019,$42.28 ,24722020,$42.15 ,$42.52 ,$41.67 
12/31/2018,$42.67 ,19152490,$42.24 ,$42.74 ,$42.13 
12/28/2018,$41.99 ,24173680,$42.05 ,$42.55 ,$41.85 
12/27/2018,$41.88 ,26789710,$40.87 ,$41.88 ,$40.33 
12/26/2018,$41.24 ,23985860,$39.74 ,$41.25 ,$39.51 
12/24/2018,$39.64 ,18764900,$40.87 ,$41.01 ,$39.61 
12/21/2018,$40.99 ,58638750,$40.70 ,$41.90 ,$40.52 
12/20/2018,$41.00 ,32505610,$40.77 ,$41.45 ,$40.59 
12/19/2018,$41.02 ,35045370,$41.87 ,$42.02 ,$40.62 
12/18/2018,$41.44 ,28280510,$42.49 ,$42.52 ,$41.09 
12/17/2018,$42.14 ,36639070,$42.52 ,$42.98 ,$42.01 
12/14/2018,$42.81 ,29720990,$43.09 ,$43.13 ,$42.45 
12/13/2018,$43.57 ,19738990,$43.46 ,$43.89 ,$43.21 
12/12/2018,$43.17 ,19079720,$43.35 ,$43.83 ,$43.16 
12/11/2018,$43.02 ,22656510,$43.09 ,$43.51 ,$42.59 
12/10/2018,$43.40 ,24844770,$43.15 ,$43.56 ,$42.10 
12/7/2018,$42.93 ,26007720,$43.81 ,$43.93 ,$42.69 
12/6/2018,$43.97 ,30016010,$43.58 ,$43.98 ,$42.63 
12/4/2018,$44.12 ,25711230,$45.19 ,$45.42 ,$44.09 
12/3/2018,$44.95 ,24463380,$45.33 ,$45.34 ,$44.73 
11/30/2018,$45.19 ,42736360,$44.33 ,$45.22 ,$44.26 
11/29/2018,$44.48 ,23571350,$43.75 ,$44.80 ,$43.69 
11/28/2018,$43.89 ,18261530,$43.29 ,$43.91 ,$43.11 
11/27/2018,$43.08 ,18753160,$42.23 ,$43.16 ,$42.00 
11/26/2018,$42.36 ,17493270,$42.34 ,$42.51 ,$41.91 
11/23/2018,$42.17 ,8390899,$41.98 ,$42.56 ,$41.84 
11/21/2018,$42.13 ,18658260,$42.52 ,$42.52 ,$41.81 
11/20/2018,$42.55 ,21791720,$43.02 ,$43.39 ,$42.42 
11/19/2018,$43.18 ,22196740,$42.64 ,$43.27 ,$42.53 
11/16/2018,$42.53 ,23278630,$42.13 ,$42.79 ,$41.95 
11/15/2018,$42.24 ,24324210,$41.74 ,$42.41 ,$41.39 
11/14/2018,$41.94 ,26892550,$42.77 ,$42.86 ,$41.75 
11/13/2018,$42.54 ,18716470,$43.33 ,$43.46 ,$42.37 
11/12/2018,$43.12 ,20100890,$43.28 ,$43.55 ,$42.91 
11/9/2018,$43.28 ,24571820,$42.74 ,$43.61 ,$42.74 
11/8/2018,$42.86 ,24378580,$42.87 ,$43.20 ,$42.49 
11/7/2018,$43.40 ,34909730,$42.40 ,$43.56 ,$42.31 
11/6/2018,$42.04 ,21055110,$42.60 ,$42.61 ,$41.72 
11/5/2018,$42.54 ,20520300,$41.87 ,$42.63 ,$41.87 
11/2/2018,$41.96 ,22942830,$42.77 ,$42.85 ,$41.52 
